date,open,high,low,close,volume
2024-01-02 14:00:00,405.877,406.207,401.746,401.907,7170000.0763
2024-01-02 15:00:00,403.666,407.936,403.286,405.926,11989199.6384
2024-01-02 16:00:00,403.737,404.407,402.556,403.617,9026399.6124
2024-01-02 17:00:00,403.896,405.077,402.607,403.777,7638000.0114
2024-01-02 18:00:00,403.636,404.656,402.966,403.927,7995600.2235
2024-01-02 19:00:00,404.577,405.087,403.636,403.636,6935999.8703
2024-01-02 20:00:00,403.716,404.766,402.906,404.596,8760000.2289
2024-01-03 14:00:00,412.176,414.927,410.797,411.107,6145199.7757
2024-01-03 15:00:00,412.187,413.097,411.656,412.266,10755599.9756
2024-01-03 16:00:00,412.706,413.447,411.936,412.207,8294400.2151
2024-01-03 17:00:00,414.086,414.117,412.426,412.726,6979199.8863
2024-01-03 18:00:00,415.046,415.217,413.847,414.087,5912399.7688
2024-01-03 19:00:00,415.257,415.716,414.456,415.047,7408800.1251
2024-01-03 20:00:00,415.286,415.846,414.606,415.246,9184800.148
2024-01-04 13:00:00,424.197,427.817,422.416,423.877,4380300.045
2024-01-04 14:00:00,424.016,426.027,423.706,424.156,6129899.9786
2024-01-04 15:00:00,423.166,424.797,422.586,424.006,4534200.1915
2024-01-04 16:00:00,423.187,424.587,423.066,423.187,3965399.9805
2024-01-04 17:00:00,422.636,423.577,422.206,423.206,3798000.0973
2024-01-04 18:00:00,423.056,423.227,422.386,422.637,3325500.0114
2024-01-04 19:00:00,424.446,425.047,422.856,423.056,5151599.884
2024-01-05 13:00:00,391.936,394.206,390.346,392.346,3559499.979
2024-01-05 14:00:00,394.596,395.197,391.266,391.936,7225200.1762
2024-01-05 15:00:00,393.136,395.557,393.136,394.557,5902200.222
2024-01-05 16:00:00,394.417,394.507,392.547,393.136,4722300.0526
2024-01-05 17:00:00,394.517,395.247,394.086,394.426,3621599.9126
2024-01-05 18:00:00,400.306,400.587,394.357,394.536,11501099.5865
2024-01-05 19:00:00,394.807,401.647,394.796,400.416,11859299.6597
2024-01-07 13:00:00,447.847,449.357,445.616,448.477,4844699.8596
2024-01-07 14:00:00,450.986,452.236,447.877,447.877,7962299.8238
2024-01-07 15:00:00,452.767,452.797,450.156,450.987,4842000.0076
2024-01-07 16:00:00,454.367,454.717,452.586,452.756,4026599.884
2024-01-07 17:00:00,453.677,454.617,452.916,454.366,3740400.0759
2024-01-07 18:00:00,453.797,454.327,452.536,453.696,3648600.1015
2024-01-07 19:00:00,456.476,457.307,453.356,453.796,5616000.1755
2024-01-08 13:00:00,426.937,427.227,418.107,420.577,5545199.8711
2024-01-08 14:00:00,423.666,427.357,422.486,426.947,8895600.3189
2024-01-08 15:00:00,417.586,423.967,416.616,423.686,8640000.3433
2024-01-08 16:00:00,417.586,421.007,417.217,417.597,8127599.7162
2024-01-08 17:00:00,415.677,418.237,413.086,417.586,7967999.9352
2024-01-08 18:00:00,414.707,416.006,413.576,415.677,8042400.3601
2024-01-08 19:00:00,416.936,418.056,414.226,414.666,10240799.9039
2024-01-10 13:00:00,422.287,428.267,421.156,428.267,5262000.0839
2024-01-10 14:00:00,421.396,422.856,420.346,422.277,9405599.5941
2024-01-10 15:00:00,421.386,422.166,418.796,421.417,7112400.0549
2024-01-10 16:00:00,421.226,422.337,419.526,421.367,7409999.8474
2024-01-10 17:00:00,422.887,422.927,419.746,421.207,7590000.1526
2024-01-10 18:00:00,423.027,423.666,422.646,422.856,5810400.0092
2024-01-10 19:00:00,420.636,423.057,420.267,423.047,7803599.8344
2024-01-11 13:00:00,410.377,411.626,407.406,408.686,4251599.7887
2024-01-11 14:00:00,413.327,413.356,409.546,410.377,6763199.8062
2024-01-11 15:00:00,414.037,415.447,413.266,413.317,5639999.8665
2024-01-11 16:00:00,413.656,414.897,413.077,413.996,5002799.9878
2024-01-11 17:00:00,412.657,414.517,412.116,413.656,5443200.1114
2024-01-11 18:00:00,412.097,413.037,411.346,412.616,5092800.1404
2024-01-11 19:00:00,410.186,412.827,409.816,412.096,7837200.1648
2024-02-01 16:00:00,370.876,371.097,368.226,368.246,12537599.5636
2024-02-01 17:00:00,369.347,371.347,369.226,370.887,10343999.8627
2024-02-01 18:00:00,369.477,370.187,369.126,369.366,9453599.9298
2024-02-01 19:00:00,368.296,369.716,368.296,369.466,10624799.7284
2024-02-01 20:00:00,370.887,371.177,368.266,368.317,13677599.9069
2024-02-02 14:00:00,407.526,409.526,403.767,403.767,7762800.2167
2024-02-02 15:00:00,407.996,409.897,406.696,407.526,12421199.7986
2024-02-02 16:00:00,409.797,410.277,407.297,408.037,9596400.2609
2024-02-02 17:00:00,411.627,411.727,409.606,409.797,10590000.1526
2024-02-02 18:00:00,411.907,412.256,410.606,411.647,9796799.6597
2024-02-02 19:00:00,411.446,412.397,411.266,411.886,9106800.0793
2024-02-02 20:00:00,411.046,412.617,410.616,411.446,11677200.3174
2024-02-04 13:00:00,419.316,421.537,419.106,420.006,4424399.8528
2024-02-04 14:00:00,419.976,420.166,417.826,419.416,6195600.0328
2024-02-04 15:00:00,420.536,420.647,419.517,419.987,1024199.9626
2024-02-04 16:00:00,421.396,421.407,420.256,420.997,3401999.9504
2024-02-04 17:00:00,421.747,422.337,421.356,421.437,3357899.9043
2024-02-04 18:00:00,421.207,422.106,420.937,421.746,3207600.1167
2024-02-04 19:00:00,421.417,422.167,420.996,421.187,5881499.7673
2024-02-05 13:00:00,397.717,398.627,395.397,398.476,3466799.9744
2024-02-05 14:00:00,396.397,398.127,394.846,397.727,6792300.2243
2024-02-05 15:00:00,396.996,397.577,395.856,396.396,5551199.913
2024-02-05 16:00:00,395.367,397.207,394.596,397.037,5387400.1503
2024-02-05 17:00:00,396.436,397.327,395.367,395.376,4421700.0008
2024-02-05 18:00:00,398.417,398.626,396.326,396.426,4310100.0786
2024-02-05 19:00:00,397.836,398.677,397.087,398.467,6613200.1877
2024-02-07 13:00:00,455.676,456.736,453.206,453.606,4216499.8055
2024-02-07 14:00:00,456.946,457.887,455.416,455.757,6468299.8657
2024-02-07 15:00:00,455.566,457.027,455.536,456.976,4197599.8878
2024-02-07 16:00:00,456.447,456.497,454.827,455.547,2825999.9752
2024-02-07 17:00:00,458.806,459.137,456.366,456.447,2331000.0896
2024-02-07 18:00:00,458.677,459.067,458.006,458.776,2042999.9828
2024-02-07 19:00:00,459.287,459.506,458.406,458.657,3272399.9023
2024-02-08 13:00:00,407.396,414.827,406.156,412.826,4802400.1122
2024-02-08 14:00:00,406.006,408.327,404.396,407.587,9121199.6078
2024-02-08 15:00:00,406.757,407.967,404.646,406.067,8554800.0336
2024-02-08 16:00:00,405.396,408.576,404.946,406.756,8642399.7879
2024-02-08 17:00:00,405.897,406.696,404.976,405.416,7028399.9443
2024-02-08 18:00:00,405.537,407.817,404.646,405.886,6866399.765
2024-02-08 19:00:00,408.427,408.996,405.417,405.607,7980000.0191
2024-02-10 13:00:00,418.476,422.537,416.706,422.537,4331999.7787
2024-02-10 14:00:00,418.036,419.177,417.557,418.457,6835199.8329
2024-02-10 15:00:00,418.446,419.326,417.666,418.057,4270800.1137
2024-02-10 16:00:00,417.046,419.366,417.017,418.467,3634799.9573
2024-02-10 17:00:00,418.237,418.567,417.006,417.037,3205199.9569
2024-02-10 18:00:00,418.216,418.647,417.176,418.226,2628000.021
2024-02-10 19:00:00,417.117,418.937,417.006,418.246,4293600.0824
2024-02-12 14:00:00,426.037,426.526,421.386,421.536,3478800.0584
2024-02-12 15:00:00,431.136,432.667,425.946,426.036,5964000.2251
2024-02-12 16:00:00,431.296,431.807,429.697,431.107,3225600.0042
2024-02-12 17:00:00,430.997,431.747,430.546,431.267,2447999.9542
2024-02-12 18:00:00,431.267,431.306,430.227,430.937,2105999.9466
2024-02-12 19:00:00,431.237,431.796,430.996,431.307,2402400.0168
2024-02-12 20:00:00,430.726,431.817,430.657,431.237,3792000.0553
2024-03-01 14:00:00,372.027,373.246,368.506,369.006,10167599.678
2024-03-01 15:00:00,372.256,373.217,371.036,371.927,14500800.1328
2024-03-01 16:00:00,370.766,372.786,370.506,372.276,12008399.9634
2024-03-01 17:00:00,372.357,372.417,370.716,370.777,10161600.1129
2024-03-01 18:00:00,371.467,372.627,370.996,372.337,9049200.058
2024-03-01 19:00:00,371.666,372.256,370.357,371.437,15019200.325
2024-03-01 20:00:00,370.587,371.836,369.806,371.697,15278400.4211
2024-03-04 13:00:00,419.886,420.167,419.006,419.927,3105900.0492
2024-03-04 14:00:00,422.967,422.997,419.847,419.896,5873400.2113
2024-03-04 15:00:00,422.467,423.246,422.286,422.976,3858299.9706
2024-03-04 16:00:00,422.176,422.817,421.236,422.466,4900499.8207
2024-03-04 17:00:00,422.456,422.627,421.836,422.177,3624300.0031
2024-03-04 18:00:00,421.966,422.956,421.846,422.447,3484800.1003
2024-03-04 19:00:00,420.487,422.086,419.756,421.967,7918200.016
2024-03-05 13:00:00,405.377,406.057,401.806,402.316,4212900.1617
2024-03-05 14:00:00,405.396,406.527,403.716,405.607,8545499.8016
2024-03-05 15:00:00,406.006,406.626,404.716,405.397,6110099.7925
2024-03-05 16:00:00,405.797,406.557,405.526,406.047,4407299.9954
2024-03-05 17:00:00,405.957,406.267,405.466,405.806,3495599.9851
2024-03-05 18:00:00,406.166,406.527,405.896,405.946,3437099.9336
2024-03-05 19:00:00,406.597,407.027,405.996,406.166,5660099.9832
2024-03-06 13:00:00,413.107,416.347,412.946,415.537,4702499.8665
2024-03-06 14:00:00,412.547,415.006,412.196,413.106,7476299.7627
2024-03-06 15:00:00,412.067,412.857,411.226,412.547,5389200.2106
2024-03-06 16:00:00,409.897,412.377,408.896,412.067,6909299.8505
2024-03-06 17:00:00,411.907,412.357,409.197,409.897,4882500.1717
2024-03-06 18:00:00,410.946,412.176,410.606,411.897,5264999.8665
2024-03-06 19:00:00,413.646,413.646,410.826,410.927,5570099.8306
2024-03-07 13:00:00,458.997,460.387,457.806,458.177,2703599.9298
2024-03-07 14:00:00,458.656,459.447,457.936,458.997,3916800.0221
2024-03-07 15:00:00,459.306,460.707,458.487,458.757,3310199.976
2024-03-07 16:00:00,459.997,460.997,459.116,459.316,3635099.8878
2024-03-09 13:00:00,418.097,419.797,415.246,417.876,3956399.9176
2024-03-09 14:00:00,413.427,418.376,413.036,418.017,6094799.9954
2024-03-09 15:00:00,411.577,414.106,411.506,413.426,4741199.9702
2024-03-09 16:00:00,411.176,413.177,410.847,411.507,4440000.0572
2024-03-09 17:00:00,410.937,412.007,410.816,411.187,4127999.7826
2024-03-09 18:00:00,410.006,411.056,408.857,410.946,5206799.984
2024-03-09 19:00:00,409.386,410.546,407.016,410.007,8255999.5651
2024-03-10 13:00:00,418.136,418.306,415.717,417.727,3525599.9565
2024-03-10 14:00:00,416.186,419.476,415.857,418.137,7147200.1076
2024-03-10 15:00:00,417.747,417.967,416.076,416.236,4440000.0572
2024-03-10 16:00:00,415.046,417.917,414.566,417.746,3904799.9382
2024-03-10 17:00:00,416.457,416.457,414.266,415.026,4801199.913
2024-03-10 18:00:00,415.836,417.006,415.686,416.456,2432399.9882
2024-03-10 19:00:00,416.367,417.017,414.997,415.777,4960800.1709
2024-03-12 14:00:00,431.306,431.306,428.717,429.587,2874000.0725
2024-03-12 15:00:00,430.686,432.386,429.446,431.197,3447599.8878
2024-03-12 16:00:00,430.527,431.887,430.106,430.686,2513999.939
2024-03-12 17:00:00,430.316,430.826,429.576,430.546,1801200.0322
2024-03-12 18:00:00,430.037,430.617,429.546,430.306,1634400.0101
2024-03-12 19:00:00,430.117,430.416,428.256,430.047,1922399.9977
2024-03-12 20:00:00,431.066,431.387,430.026,430.157,3144000.0534
2024-04-01 14:00:00,371.466,372.597,370.456,370.686,7157999.9924
2024-04-01 15:00:00,371.727,372.437,371.006,371.477,12433199.8825
2024-04-01 16:00:00,370.997,373.076,370.987,371.757,10731599.8077
2024-04-01 17:00:00,370.316,371.387,369.926,370.997,10436400.4135
2024-04-01 18:00:00,370.237,370.726,370.116,370.316,8625599.8611
2024-04-01 19:00:00,369.246,370.727,369.107,370.246,8989199.6384
2024-04-01 20:00:00,367.916,369.306,367.116,369.266,11892000.1984
2024-04-03 14:00:00,416.027,416.216,412.286,413.597,5757599.8306
2024-04-03 15:00:00,415.876,417.286,414.256,416.026,10414799.6902
2024-04-03 16:00:00,416.007,416.116,414.866,415.886,10107600.2121
2024-04-03 17:00:00,415.916,416.526,415.636,416.037,7782000.0648
2024-04-03 18:00:00,415.596,416.036,414.866,415.917,7618800.1633
2024-04-03 19:00:00,415.107,415.637,414.576,415.606,7750800.1328
2024-04-03 20:00:00,414.856,415.776,414.546,415.126,11093999.8627
2024-04-04 13:00:00,426.427,427.516,423.246,425.237,3779099.9413
2024-04-04 14:00:00,425.746,426.866,425.126,426.427,4248899.9367
2024-04-04 15:00:00,427.016,427.037,425.837,425.847,3391200.0656
2024-04-04 16:00:00,428.096,428.637,426.947,427.037,3141000.0324
2024-04-04 17:00:00,426.736,428.087,426.496,428.087,3384000.0629
2024-04-04 18:00:00,421.407,426.736,421.006,426.736,10723500.2518
2024-04-04 19:00:00,417.816,421.747,417.546,421.347,12146400.4517
2024-04-06 13:00:00,411.306,412.466,409.596,412.396,3414599.8955
2024-04-06 14:00:00,412.196,413.386,410.936,411.307,7347599.9832
2024-04-06 15:00:00,412.147,413.006,411.456,412.236,4558499.8131
2024-04-06 16:00:00,412.857,413.357,411.976,412.156,4264200.2106
2024-04-06 17:00:00,413.407,413.796,412.206,412.857,4467599.8688
2024-04-06 18:00:00,414.486,415.336,412.897,413.386,5280300.1404
2024-04-06 19:00:00,415.966,416.417,412.886,414.466,7532100.2007
2024-04-09 13:00:00,406.836,407.786,404.316,405.756,3531599.9985
2024-04-09 14:00:00,410.506,410.567,404.556,406.797,6690000.0572
2024-04-09 15:00:00,409.436,411.217,408.616,410.507,3681600.0938
2024-04-09 16:00:00,409.317,410.636,408.607,409.436,3909600.0195
2024-04-09 17:00:00,408.716,409.296,407.936,409.286,3560400.0092
2024-04-09 18:00:00,408.877,409.637,408.406,408.727,3618000.0305
2024-04-09 19:00:00,408.877,410.837,408.317,408.916,5608799.9344
2024-04-10 13:00:00,416.096,419.687,416.087,418.156,3130800.0088
2024-04-10 14:00:00,417.406,417.586,415.006,416.186,6702000.1411
2024-04-10 15:00:00,417.787,418.116,415.816,417.417,5551199.913
2024-04-10 16:00:00,418.407,418.937,416.686,417.797,4231200.2182
2024-04-10 17:00:00,417.386,418.666,416.816,418.386,4000800.1328
2024-04-10 18:00:00,418.096,418.117,416.776,417.437,3486000.061
2024-04-10 19:00:00,415.997,418.147,415.996,418.097,5763599.8726
2024-04-11 14:00:00,409.017,410.167,405.516,409.776,3633599.9966
2024-04-11 15:00:00,409.637,410.377,408.526,409.027,5159999.8474
2024-04-11 16:00:00,406.597,409.796,406.096,409.637,4845600.1282
2024-04-11 17:00:00,407.096,407.446,405.876,406.607,4294799.8047
2024-04-11 18:00:00,407.726,408.146,406.536,407.097,4161600.1129
2024-04-11 19:00:00,408.116,408.357,407.726,407.737,2838000.0591
2024-04-11 20:00:00,408.407,408.807,406.896,408.107,5715600.0137
2024-04-12 14:00:00,437.947,439.487,432.627,432.637,4048799.9916
2024-04-12 15:00:00,438.956,438.987,436.026,437.886,5667600.1549
2024-04-12 16:00:00,436.926,439.597,436.396,438.897,3439199.9245
2024-04-12 17:00:00,437.016,437.667,436.247,436.926,2521199.9416
2024-04-12 18:00:00,437.017,437.596,436.036,436.996,2298000.0973
2024-04-12 19:00:00,438.126,438.227,436.516,436.976,2710799.9325
2024-04-12 20:00:00,437.217,438.577,436.826,438.066,4036799.9077
2024-05-01 14:00:00,369.587,370.506,368.747,369.126,7530000.2098
2024-05-01 15:00:00,371.666,371.717,369.497,369.617,12561599.7314
2024-05-01 16:00:00,370.717,372.027,370.196,371.647,9767999.649
2024-05-01 17:00:00,368.916,370.706,368.786,370.706,10644000.0534
2024-05-01 18:00:00,368.377,369.106,367.986,368.917,10609199.5239
2024-05-01 19:00:00,367.177,368.807,366.936,368.317,10435199.7375
2024-05-01 20:00:00,367.617,367.966,366.487,367.146,11465999.6033
2024-05-02 14:00:00,408.267,411.067,407.296,409.837,6869999.8856
2024-05-02 15:00:00,404.556,408.447,404.196,408.257,13453200.3403
2024-05-02 16:00:00,406.207,406.476,403.996,404.566,9345600.1282
2024-05-02 17:00:00,405.816,406.777,405.567,406.216,8293199.5392
2024-05-02 18:00:00,405.156,406.066,404.796,405.816,7924799.9191
2024-05-02 19:00:00,405.696,406.027,404.796,405.156,7900800.2281
2024-05-02 20:00:00,405.317,406.226,404.596,405.696,10536000.2518
2024-05-03 14:00:00,406.967,414.146,406.256,413.546,8298000.3357
2024-05-03 15:00:00,403.416,407.377,402.106,406.966,14464799.881
2024-05-03 16:00:00,404.116,405.166,402.877,403.417,10679189.682
2024-05-03 17:00:00,403.356,404.687,403.316,404.116,9753600.1205
2024-05-03 18:00:00,401.506,403.446,401.226,403.357,10983599.6628
2024-05-03 19:00:00,401.296,402.576,400.626,401.526,11347200.3937
2024-05-03 20:00:00,402.657,402.797,400.606,401.307,14031599.9985
2024-05-04 13:00:00,422.187,422.496,418.316,420.146,4657499.7902
2024-05-04 14:00:00,423.996,424.016,420.866,422.246,7227000.2365
2024-05-04 15:00:00,425.617,426.277,422.856,424.007,6830100.0595
2024-05-04 16:00:00,426.247,426.297,424.996,425.616,5085000.0381
2024-05-04 17:00:00,424.117,426.466,423.766,426.246,5280300.1404
2024-05-04 18:00:00,424.296,425.486,423.326,424.047,8407799.7208
2024-05-04 19:00:00,425.236,426.437,424.066,424.297,6766200.0656
2024-05-06 13:00:00,418.227,418.626,416.286,417.817,3932100.0576
2024-05-06 14:00:00,419.616,419.887,416.697,418.236,6827400.2075
2024-05-06 15:00:00,420.617,421.067,419.547,419.627,4086900.2342
2024-05-06 16:00:00,422.347,422.726,420.207,420.596,3131099.9393
2024-05-06 17:00:00,422.887,423.317,422.146,422.347,3733200.0732
2024-05-06 18:00:00,423.466,423.587,422.346,422.907,3321000.0992
2024-05-06 19:00:00,424.037,424.037,422.116,423.466,5757299.9001
2024-05-07 13:00:00,465.846,465.977,458.946,459.567,2720700.0256
2024-05-07 14:00:00,464.616,466.997,464.547,465.897,4717800.1404
2024-05-07 15:00:00,466.396,466.727,464.156,464.646,3260699.9874
2024-05-07 16:00:00,466.416,466.977,466.166,466.457,2521800.0412
2024-05-07 17:00:00,466.996,468.307,466.386,466.417,2645100.1167
2024-05-07 18:00:00,467.116,467.466,466.717,466.996,2173500.061
2024-05-07 19:00:00,467.207,467.957,466.946,467.116,3396600.008
2024-05-08 13:00:00,393.526,396.966,386.006,388.517,6538799.7627
2024-05-08 14:00:00,396.457,399.397,392.757,393.327,12118800.1633
2024-05-08 15:00:00,398.717,400.657,394.896,396.397,10289999.9619
2024-05-08 16:00:00,396.946,400.977,396.346,398.717,9789600.3723
2024-05-08 17:00:00,396.486,398.617,396.296,396.927,10370400.4288
2024-05-08 18:00:00,393.717,396.656,393.046,396.487,10150799.7513
2024-05-08 19:00:00,395.257,396.026,393.236,393.776,12115200.0427
2024-05-09 13:00:00,411.296,413.016,407.676,408.197,3543600.0824
2024-05-09 14:00:00,409.397,413.066,409.286,411.346,6398399.8299
2024-05-09 15:00:00,406.976,409.997,406.796,409.436,5020800.1137
2024-05-09 16:00:00,406.976,407.637,406.106,406.947,4724400.0435
2024-05-09 17:00:00,409.137,409.137,406.206,406.976,4846799.8505
2024-05-09 18:00:00,407.806,409.386,407.706,409.146,4622399.807
2024-05-09 19:00:00,408.327,408.607,406.336,407.767,6397200.1076
2024-05-11 14:00:00,412.817,412.817,408.077,408.226,2865600.1091
2024-05-11 15:00:00,411.716,413.486,411.496,412.796,4970399.8566
2024-05-11 16:00:00,414.406,414.517,411.326,411.727,4642799.8543
2024-05-11 17:00:00,413.337,414.866,413.156,414.406,3420000.0763
2024-05-11 18:00:00,411.667,413.717,411.096,413.307,3985199.9283
2024-05-11 19:00:00,411.246,412.327,410.946,411.677,3779999.9714
2024-05-11 20:00:00,410.786,412.317,410.786,411.247,4444799.9001
2024-05-12 14:00:00,437.127,439.877,436.256,438.106,2950799.942
2024-05-12 15:00:00,438.626,439.157,436.146,437.197,4861199.8558
2024-05-12 16:00:00,441.337,441.507,438.236,438.637,3741600.0366
2024-05-12 17:00:00,443.927,444.046,441.196,441.336,3856800.0793
2024-05-12 18:00:00,442.787,444.607,442.696,443.906,4294799.8047
2024-05-12 19:00:00,442.997,443.497,442.337,442.796,3225600.0042
2024-05-12 20:00:00,442.627,443.707,441.986,442.986,5854800.2243
2024-06-02 14:00:00,405.026,407.897,405.017,405.866,6382800.1022
2024-06-02 15:00:00,404.696,405.297,403.517,404.947,10803600.3113
2024-06-02 16:00:00,403.906,405.126,403.897,404.697,8259599.6857
2024-06-02 17:00:00,403.556,404.447,403.546,403.916,8077199.9359
2024-06-02 18:00:00,404.766,404.786,403.546,403.556,7690800.19
2024-06-02 19:00:00,403.777,404.806,402.896,404.746,8302800.1785
2024-06-02 20:00:00,405.477,405.576,403.696,403.777,8786399.8413
2024-06-03 14:00:00,401.386,404.357,401.107,402.916,6872399.807
2024-06-03 15:00:00,402.296,402.856,398.386,401.316,12919199.9435
2024-06-03 16:00:00,404.556,404.856,401.886,402.377,9885600.09
2024-06-03 17:00:00,403.797,405.136,403.556,404.567,9211199.7604
2024-06-03 18:00:00,403.036,404.487,401.956,403.796,12283200.264
2024-06-03 19:00:00,401.476,403.167,401.066,403.036,16168800.354
2024-06-03 20:00:00,401.996,402.777,400.386,401.476,16040399.5514
2024-06-05 13:00:00,407.326,409.357,406.256,408.637,2908799.8867
2024-06-05 14:00:00,409.107,409.287,406.496,407.326,4389299.8695
2024-06-05 15:00:00,409.887,410.156,408.787,409.127,3809700.0122
2024-06-05 16:00:00,410.386,410.777,409.327,409.896,3178800.106
2024-06-05 17:00:00,411.487,411.657,409.616,410.406,3388499.9752
2024-06-05 18:00:00,412.396,412.536,411.386,411.517,3081599.9508
2024-06-05 19:00:00,413.567,413.897,411.786,412.397,5006700.0389
2024-06-06 13:00:00,423.297,425.187,422.626,423.897,3908699.9893
2024-06-06 14:00:00,422.787,424.067,422.566,423.286,5499000.0725
2024-06-06 15:00:00,421.597,423.126,420.557,422.786,4087800.0259
2024-06-06 16:00:00,423.397,423.397,421.556,421.556,4938300.1328
2024-06-06 17:00:00,423.126,423.506,422.766,423.347,3878099.9184
2024-06-06 18:00:00,423.306,423.567,421.996,423.127,5758200.1686
2024-06-06 19:00:00,424.396,424.667,423.006,423.287,5647500.0381
2024-06-08 13:00:00,400.397,402.457,398.587,399.986,6070799.8276
2024-06-08 14:00:00,403.876,404.547,399.567,400.397,11077199.9359
2024-06-08 15:00:00,404.696,404.907,401.036,403.756,9845999.7177
2024-06-08 16:00:00,404.787,405.607,403.146,404.706,7774799.8238
2024-06-08 17:00:00,403.607,405.167,403.156,404.807,6096000.1945
2024-06-08 18:00:00,402.447,404.747,402.406,403.636,5701200.0084
2024-06-08 19:00:00,399.406,402.797,399.086,402.446,12812399.8642
2024-06-09 13:00:00,407.486,410.507,407.046,409.507,5211599.8268
2024-06-09 14:00:00,402.657,408.287,401.946,407.486,9815999.9847
2024-06-09 15:00:00,401.697,405.136,401.697,402.647,9391200.0656
2024-06-09 16:00:00,402.417,402.997,401.447,401.697,5788799.7627
2024-06-09 17:00:00,401.646,403.837,401.066,402.437,4903200.1495
2024-06-09 18:00:00,401.337,401.777,400.766,401.616,4277999.8779
2024-06-09 19:00:00,401.746,402.637,400.947,401.346,6621600.1511
2024-06-11 14:00:00,417.447,417.836,410.506,412.856,6963600.1587
2024-06-11 15:00:00,416.236,420.327,416.067,417.486,9682800.293
2024-06-11 16:00:00,416.106,417.447,415.246,416.206,6561600.2083
2024-06-11 17:00:00,416.066,416.837,414.776,416.076,4814400.1961
2024-06-11 18:00:00,418.257,418.676,416.016,416.077,3971999.8837
2024-06-11 19:00:00,419.547,419.627,417.926,418.296,4078800.2014
2024-06-11 20:00:00,419.986,420.337,419.026,419.466,6499199.8672
2024-06-12 14:00:00,445.307,445.997,442.007,442.156,2824800.0145
2024-06-12 15:00:00,443.296,445.556,442.796,445.306,3878400.0874
2024-06-12 16:00:00,442.736,444.586,442.616,443.306,2789999.9619
2024-06-12 17:00:00,442.367,443.587,441.787,442.747,2604000.0916
2024-06-12 18:00:00,443.507,443.797,442.197,442.367,2223599.9107
2024-06-12 19:00:00,443.727,444.046,442.876,443.527,1518000.0067
2024-06-12 20:00:00,443.657,444.737,443.196,443.727,3460799.9325
2024-07-02 14:00:00,409.087,409.907,407.337,407.337,6758399.9634
2024-07-02 15:00:00,411.187,412.407,409.036,409.036,11230799.675
2024-07-02 16:00:00,411.696,411.986,410.696,411.237,9991200.4471
2024-07-02 17:00:00,411.967,412.377,411.116,411.707,7961999.8932
2024-07-02 18:00:00,413.046,413.146,411.367,411.967,8384400.3677
2024-07-02 19:00:00,412.897,413.086,412.396,413.026,7540800.0946
2024-07-02 20:00:00,414.027,414.277,412.576,412.837,9256799.6979
2024-07-03 14:00:00,404.237,406.487,402.226,406.347,7105199.8138
2024-07-03 15:00:00,407.507,408.196,403.866,404.236,10790399.5514
2024-07-03 16:00:00,407.977,408.567,406.827,407.507,8450400.3525
2024-07-03 17:00:00,408.127,408.787,407.736,407.976,7474800.1099
2024-07-03 18:00:00,409.206,409.757,407.656,408.126,7205999.8512
2024-07-03 19:00:00,408.496,409.597,408.317,409.206,7214399.8146
2024-07-03 20:00:00,409.007,409.357,407.577,408.476,11538000.1068
2024-07-05 13:00:00,412.217,414.457,411.496,414.057,3224699.9741
2024-07-05 14:00:00,412.636,413.627,411.676,412.217,4389299.8695
2024-07-05 15:00:00,412.706,413.127,412.106,412.636,3305700.0637
2024-07-05 16:00:00,411.847,412.877,411.416,412.706,2936700.1057
2024-07-05 17:00:00,410.997,412.417,410.776,411.836,3215699.9111
2024-07-05 18:00:00,410.406,411.727,410.266,411.006,4181399.8222
2024-07-05 19:00:00,409.116,410.567,409.036,410.407,4887000.0839
2024-07-06 13:00:00,424.996,425.986,423.746,425.436,4043700.2182
2024-07-06 14:00:00,425.027,425.866,423.706,424.997,5096700.1915
2024-07-06 15:00:00,425.176,425.517,423.576,425.026,4278600.2159
2024-07-06 16:00:00,425.937,426.107,424.496,425.177,3338999.9866
2024-07-06 17:00:00,425.796,426.246,425.346,425.937,3667500.0191
2024-07-06 18:00:00,424.817,425.797,423.696,425.776,5507100.1053
2024-07-06 19:00:00,423.827,425.006,422.996,424.826,6902999.8779
2024-07-08 13:00:00,408.847,409.086,406.837,408.676,5176799.7742
2024-07-08 14:00:00,408.376,410.007,407.356,408.896,9887999.5346
2024-07-08 15:00:00,405.666,408.607,404.546,408.376,8485199.9283
2024-07-08 16:00:00,401.787,405.697,401.256,405.667,8224800.1099
2024-07-08 17:00:00,400.307,402.397,399.837,401.787,9347999.5728
2024-07-08 18:00:00,398.806,400.587,398.226,400.286,11017200.47
2024-07-08 19:00:00,398.327,400.997,397.206,398.806,11653200.1495
2024-07-10 13:00:00,414.586,417.037,414.167,415.927,3712800.0259
2024-07-10 14:00:00,415.647,416.316,414.636,414.646,4196400.1656
2024-07-10 15:00:00,415.017,415.847,414.676,415.627,3650399.9233
2024-07-10 16:00:00,413.217,415.007,413.066,415.007,3484800.1003
2024-07-10 17:00:00,413.246,414.007,412.646,413.227,3321599.9603
2024-07-10 18:00:00,409.366,413.327,409.166,413.226,5335199.8329
2024-07-10 19:00:00,409.177,410.507,408.996,409.346,6859200.0008
2024-07-11 14:00:00,421.837,422.367,419.866,420.846,3189599.9908
2024-07-11 15:00:00,423.646,424.407,421.567,421.846,5097599.9832
2024-07-11 16:00:00,425.527,426.387,423.616,423.687,4051199.913
2024-07-11 17:00:00,424.316,425.537,423.746,425.476,2757600.069
2024-07-11 18:00:00,424.447,424.847,423.776,424.317,2593199.9683
2024-07-11 19:00:00,426.267,426.287,424.107,424.447,4464000.2251
2024-07-11 20:00:00,425.066,426.817,424.596,426.187,6103199.9588
2024-08-01 14:00:00,370.537,370.946,368.996,369.397,6602399.826
2024-08-01 15:00:00,370.246,370.906,369.726,370.536,8702400.2075
2024-08-01 16:00:00,371.187,371.376,369.936,370.236,7969200.1343
2024-08-01 17:00:00,371.826,372.017,370.686,371.177,7903200.1495
2024-08-01 18:00:00,372.446,372.447,371.566,371.826,5552400.1122
2024-08-01 19:00:00,374.516,374.756,372.126,372.447,7000800.1328
2024-08-01 20:00:00,374.387,375.196,373.996,374.527,10087200.1648
2024-08-02 14:00:00,413.897,415.537,413.316,414.126,5570400.238
2024-08-02 15:00:00,414.537,414.876,413.086,414.027,7957200.0504
2024-08-02 16:00:00,413.356,414.536,412.586,414.536,6331200.1228
2024-08-02 17:00:00,413.267,413.437,412.746,413.356,6237599.8497
2024-08-02 18:00:00,413.546,414.127,413.116,413.287,7177199.8405
2024-08-02 19:00:00,413.417,413.627,412.516,413.557,7039199.8291
2024-08-02 20:00:00,414.147,414.186,413.236,413.386,8425200.4623
2024-08-03 14:00:00,409.007,409.136,406.606,407.787,7843200.2068
2024-08-03 15:00:00,408.816,410.407,408.347,409.006,12884400.3677
2024-08-03 16:00:00,407.266,408.876,406.516,408.787,14281200.4089
2024-08-03 17:00:00,404.987,408.276,404.506,407.256,13846799.8505
2024-08-03 18:00:00,405.186,406.337,404.296,404.966,12115200.0427
2024-08-03 19:00:00,407.047,407.367,405.026,405.217,11203200.3403
2024-08-03 20:00:00,406.057,407.697,405.377,407.026,14073599.8154
2024-08-04 13:00:00,425.587,425.847,423.237,424.897,3505500.0782
2024-08-04 14:00:00,426.326,427.246,424.916,425.587,5640299.7971
2024-08-04 15:00:00,424.737,426.487,424.146,426.326,4753799.9153
2024-08-04 16:00:00,424.916,424.916,423.316,424.716,4304699.8978
2024-08-04 17:00:00,424.326,424.937,423.606,424.926,3385799.8848
2024-08-04 18:00:00,425.477,425.527,423.996,424.357,3430799.9611
2024-08-04 19:00:00,424.627,426.187,424.446,425.527,4880700.1114
2024-08-05 13:00:00,408.307,409.037,406.686,407.716,2656800.0317
2024-08-05 14:00:00,411.667,411.996,408.206,408.346,4211100.1015
2024-08-05 15:00:00,411.577,412.197,411.116,411.666,3698100.09
2024-08-05 16:00:00,411.096,412.077,410.757,411.566,2783699.9893
2024-08-05 17:00:00,411.807,411.866,410.496,411.107,2897099.9718
2024-08-05 18:00:00,411.236,411.947,410.896,411.806,2457900.0473
2024-08-05 19:00:00,410.426,411.177,409.856,411.176,3645900.0111
2024-08-07 13:00:00,466.447,467.647,464.797,466.496,2479500.0553
2024-08-07 14:00:00,465.507,466.607,464.457,466.567,4164299.9649
2024-08-07 15:00:00,466.297,466.827,465.076,465.487,2990700.0065
2024-08-07 16:00:00,465.507,466.377,465.156,466.307,2521800.0412
2024-08-07 17:00:00,465.276,465.677,464.846,465.506,2006099.9393
2024-08-07 18:00:00,465.557,465.937,464.946,465.147,1925099.9689
2024-08-07 19:00:00,466.146,466.487,464.746,465.586,3526200.0561
2024-08-08 13:00:00,402.576,402.907,399.876,402.377,3637200.1171
2024-08-08 14:00:00,404.337,405.817,401.987,402.607,8652000.4272
2024-08-08 15:00:00,403.486,404.347,402.077,404.337,6873600.0061
2024-08-08 16:00:00,402.537,404.686,401.116,403.506,5776800.1556
2024-08-08 17:00:00,404.446,404.477,401.326,402.536,5217599.8688
2024-08-08 18:00:00,402.576,405.527,402.246,404.396,5847599.9832
2024-08-08 19:00:00,402.796,403.276,400.196,402.506,9650400.1617
2024-08-10 13:00:00,413.246,413.947,408.117,410.627,4483200.0732
2024-08-10 14:00:00,413.637,414.767,412.146,413.247,5762400.1503
2024-08-10 15:00:00,414.466,414.606,412.906,413.626,3500400.0664
2024-08-10 16:00:00,413.566,414.677,413.236,414.426,2787600.0404
2024-08-10 17:00:00,412.956,413.656,412.206,413.506,3094799.9954
2024-08-10 18:00:00,413.957,414.066,412.896,412.977,2080800.0565
2024-08-10 19:00:00,414.686,415.626,413.746,413.947,4707600.1167
2024-08-11 14:00:00,426.086,426.376,424.326,425.217,2868000.0305
2024-08-11 15:00:00,423.817,426.427,423.096,426.086,5122799.8734
2024-08-11 16:00:00,423.806,424.336,423.046,423.827,3884399.8909
2024-08-11 17:00:00,422.277,423.807,422.126,423.807,3045599.9374
2024-08-11 18:00:00,423.397,423.556,421.856,422.257,3106800.0793
2024-08-11 19:00:00,423.006,424.056,422.996,423.397,2674799.9191
2024-08-11 20:00:00,422.447,423.437,421.776,423.017,5402400.0168
2024-09-01 14:00:00,371.887,373.156,371.376,372.006,6459599.9718
2024-09-01 15:00:00,373.556,374.487,371.186,371.887,10170000.0763
2024-09-01 16:00:00,375.656,375.687,373.407,373.566,8134799.9573
2024-09-01 17:00:00,375.577,375.736,375.007,375.657,8240400.3143
2024-09-01 18:00:00,375.186,375.977,374.306,375.577,8991600.0366
2024-09-01 19:00:00,375.276,375.597,374.816,375.186,8905200.0046
2024-09-01 20:00:00,375.717,375.776,374.276,375.276,12352800.3693
2024-09-02 14:00:00,417.317,417.397,415.256,415.676,5588399.8871
2024-09-02 15:00:00,418.857,419.486,416.807,417.346,9583200.4547
2024-09-02 16:00:00,419.496,420.347,418.596,418.856,7346399.7841
2024-09-02 17:00:00,419.737,419.987,418.876,419.497,5412000.1793
2024-09-02 18:00:00,419.486,419.827,419.237,419.747,5125199.7948
2024-09-02 19:00:00,420.136,420.376,419.446,419.496,5164800.1671
2024-09-02 20:00:00,420.356,420.697,419.776,420.146,7590000.1526
2024-09-04 13:00:00,426.016,427.677,424.496,426.357,3262500.0477
2024-09-04 14:00:00,422.977,426.696,421.596,425.886,8801099.7772
2024-09-04 15:00:00,423.776,424.126,422.646,422.876,6637499.8093
2024-09-04 16:00:00,423.656,424.647,423.326,423.756,5913899.8985
2024-09-04 17:00:00,423.717,424.756,423.416,423.667,6317100.0481
2024-09-04 18:00:00,423.046,424.436,422.976,423.716,6074999.8093
2024-09-04 19:00:00,426.217,426.407,422.436,423.036,8955900.1923
2024-09-05 13:00:00,410.326,411.226,409.096,410.466,3086999.8932
2024-09-05 14:00:00,412.116,412.196,409.507,410.327,4916699.8863
2024-09-05 15:00:00,411.186,412.687,411.076,412.117,4585499.7635
2024-09-05 16:00:00,411.476,411.627,410.676,411.186,2816099.8821
2024-09-05 17:00:00,411.647,412.097,411.126,411.516,3851999.9981
2024-09-05 18:00:00,412.326,412.467,411.256,411.646,3484800.1003
2024-09-05 19:00:00,412.277,412.576,411.766,412.326,4992300.0336
2024-09-07 13:00:00,464.606,466.997,463.796,466.987,3206700.0866
2024-09-07 14:00:00,463.496,464.837,463.396,464.597,3799799.9191
2024-09-07 15:00:00,461.706,464.017,461.436,463.527,2934900.0454
2024-09-07 16:00:00,459.986,462.107,459.276,461.716,2898900.032
2024-09-07 17:00:00,460.257,460.366,459.316,459.996,2987999.9161
2024-09-07 18:00:00,459.337,460.427,458.896,460.256,2467799.902
2024-09-07 19:00:00,459.396,460.007,457.996,459.386,3983400.1064
2024-09-08 13:00:00,403.326,405.936,403.296,403.966,5188799.8581
2024-09-08 14:00:00,405.046,405.917,402.176,403.426,9932399.7498
2024-09-08 15:00:00,404.037,406.106,403.846,405.046,6611999.9886
2024-09-08 16:00:00,404.936,405.097,403.396,404.037,4365600.1091
2024-09-08 17:00:00,406.576,407.956,404.617,404.857,5320799.8276
2024-09-08 18:00:00,406.617,407.026,405.867,406.586,5926799.7742
2024-09-08 19:00:00,405.957,407.137,405.666,406.626,6928800.106
2024-09-09 13:00:00,406.697,408.507,405.676,407.247,3806400.0607
2024-09-09 14:00:00,402.287,406.717,402.257,406.706,6166800.0221
2024-09-09 15:00:00,404.567,404.567,402.136,402.316,4195199.9664
2024-09-09 16:00:00,404.856,405.917,404.347,404.567,2612400.0549
2024-09-09 17:00:00,404.087,405.537,403.926,404.886,3567600.0118
2024-09-09 18:00:00,403.406,404.116,402.976,404.026,4129199.9817
2024-09-09 19:00:00,405.677,405.807,402.796,403.407,5093999.8627
2024-09-10 13:00:00,415.417,416.697,414.316,415.926,3334800.005
2024-09-10 14:00:00,418.136,418.137,415.396,415.437,4914000.0343
2024-09-10 15:00:00,419.756,420.317,418.056,418.097,4209599.9718
2024-09-10 16:00:00,417.886,419.817,417.756,419.767,3519599.9146
2024-09-10 17:00:00,417.286,418.507,416.526,417.897,3265199.8997
2024-09-10 18:00:00,417.327,417.957,416.866,417.326,3355200.0523
2024-09-10 19:00:00,417.366,418.167,416.796,417.336,5070000.1717
2024-09-12 14:00:00,442.256,444.906,440.396,442.567,2498399.9729
2024-09-12 15:00:00,445.057,446.727,441.696,442.246,4696800.2319
2024-09-12 16:00:00,446.697,448.247,444.876,445.007,4383600.235
2024-09-12 17:00:00,446.256,447.517,446.086,446.597,2775599.9565
2024-09-12 18:00:00,446.557,447.157,445.716,446.266,2140799.9992
2024-09-12 19:00:00,446.077,446.536,445.016,446.536,2477999.9256
2024-09-12 20:00:00,446.126,446.457,444.826,446.017,4965600.0137
2024-10-01 14:00:00,379.857,380.416,376.377,376.397,7592400.074
2024-10-01 15:00:00,381.436,382.247,379.066,379.896,10466400.1465
2024-10-01 16:00:00,381.056,381.846,380.446,381.446,8402400.0168
2024-10-01 17:00:00,382.377,382.427,380.746,381.056,6448800.087
2024-10-01 18:00:00,382.506,382.796,381.587,382.386,7717199.8024
2024-10-01 19:00:00,384.116,384.117,382.456,382.537,6889200.2106
2024-10-01 20:00:00,382.616,384.147,381.256,384.096,11235600.4715
2024-10-04 13:00:00,421.436,423.747,420.267,422.346,5347799.778
2024-10-04 14:00:00,420.537,422.427,420.066,421.437,8803799.6292
2024-10-04 15:00:00,420.366,421.117,419.677,420.537,5830200.1953
2024-10-04 16:00:00,421.687,421.897,419.896,420.366,3924900.0549
2024-10-04 17:00:00,421.577,422.837,419.926,421.727,7875000.0
2024-10-04 18:00:00,421.117,422.597,421.056,421.657,7367400.1694
2024-10-04 19:00:00,423.237,423.766,420.996,421.117,7538400.1732
2024-10-05 13:00:00,414.076,415.317,411.946,412.797,3389400.0053
2024-10-05 14:00:00,413.147,414.067,412.686,414.067,6789599.8955
2024-10-05 15:00:00,413.707,413.936,412.616,413.177,4854599.9527
2024-10-05 16:00:00,414.357,414.626,413.296,413.706,3919500.1125
2024-10-05 17:00:00,414.356,414.516,413.566,414.346,3430799.9611
2024-10-05 18:00:00,414.816,414.817,413.996,414.357,2918699.9798
2024-10-05 19:00:00,414.546,415.116,414.296,414.837,4102200.0313
2024-10-06 13:00:00,426.806,427.797,423.896,424.846,3560400.0092
2024-10-06 14:00:00,426.567,427.317,425.597,426.807,4642199.9931
2024-10-06 15:00:00,426.846,427.617,426.216,426.547,3523499.9657
2024-10-06 16:00:00,425.866,427.357,425.776,426.847,3043800.1156
2024-10-06 17:00:00,426.666,426.907,425.436,425.856,3441600.0843
2024-10-06 18:00:00,427.386,427.386,426.026,426.667,5195700.1686
2024-10-06 19:00:00,427.966,427.997,426.476,427.377,5841000.0801
2024-10-07 13:00:00,462.397,462.397,458.767,461.166,2771100.0443
2024-10-07 14:00:00,460.737,463.557,459.586,462.397,3716099.9775
2024-10-07 15:00:00,460.546,461.807,459.616,460.757,3015899.8966
2024-10-07 16:00:00,463.986,464.047,459.866,460.467,2911499.9771
2024-10-07 17:00:00,463.907,465.016,462.676,463.986,2558700.0847
2024-10-07 18:00:00,464.906,465.206,463.636,463.907,2519099.9508
2024-10-07 19:00:00,465.947,466.437,463.736,464.906,4298399.9252
2024-10-09 13:00:00,414.207,415.297,407.596,408.356,4166399.9557
2024-10-09 14:00:00,412.687,416.197,412.277,414.266,6576000.2136
2024-10-09 15:00:00,409.596,414.017,409.526,412.636,4904399.8718
2024-10-09 16:00:00,410.577,411.297,408.746,409.606,5512800.2167
2024-10-09 17:00:00,412.017,412.517,410.416,410.576,3860399.9615
2024-10-09 18:00:00,412.217,412.757,411.757,412.037,3093600.0347
2024-10-09 19:00:00,414.137,414.697,411.846,412.206,5505599.9756
2024-10-10 13:00:00,414.866,416.097,413.096,415.216,3465600.0137
2024-10-10 14:00:00,414.267,415.726,413.887,414.866,5170800.209
2024-10-10 15:00:00,416.836,416.937,414.076,414.376,3607199.9073
2024-10-10 16:00:00,415.847,417.316,415.626,416.827,3668400.0492
2024-10-10 17:00:00,415.837,416.317,414.646,415.846,3613199.9493
2024-10-10 18:00:00,415.306,415.827,414.646,415.827,3290400.0282
2024-10-10 19:00:00,415.787,416.237,414.706,415.306,4629600.0481
2024-10-12 14:00:00,448.116,448.297,443.596,444.067,3029999.9714
2024-10-12 15:00:00,447.887,449.537,447.426,448.116,4485599.9947
2024-10-12 16:00:00,446.336,447.897,445.506,447.886,4322400.0931
2024-10-12 17:00:00,445.847,447.647,445.496,446.336,2446799.9935
2024-10-12 18:00:00,444.627,446.006,444.116,445.857,2016000.0324
2024-10-12 19:00:00,442.366,444.767,441.546,444.626,3626399.9939
2024-10-12 20:00:00,443.357,443.537,441.656,442.396,5388000.0114
2024-11-01 14:00:00,386.987,390.606,385.146,385.987,8596799.8505
2024-11-01 15:00:00,382.906,387.176,382.696,387.076,14920800.209
2024-11-01 16:00:00,380.886,383.056,380.316,382.886,12469200.1343
2024-11-01 17:00:00,382.146,382.807,380.606,380.916,9385199.5468
2024-11-01 18:00:00,384.646,384.647,381.976,382.096,9880800.2472
2024-11-01 19:00:00,385.246,385.497,384.056,384.657,9676799.7742
2024-11-01 20:00:00,384.567,385.337,384.086,385.267,11949600.2197
2024-11-03 13:00:00,401.907,404.297,401.726,403.636,8089200.0198
2024-11-03 14:00:00,403.747,404.567,401.226,401.907,11859600.0671
2024-11-03 15:00:00,403.847,404.097,402.086,403.706,11005200.386
2024-11-03 16:00:00,404.056,404.247,402.666,403.846,9314399.7192
2024-11-03 17:00:00,404.416,404.966,403.266,404.067,10644000.0534
2024-11-03 18:00:00,405.167,405.627,404.126,404.486,8653200.1495
2024-11-03 19:00:00,404.486,405.377,404.007,405.126,9996000.2899
2024-11-04 13:00:00,424.367,426.606,424.006,425.897,3955499.8875
2024-11-04 14:00:00,423.817,424.537,422.327,424.376,6426899.91
2024-11-04 15:00:00,425.947,426.026,423.666,423.816,4855500.2213
2024-11-04 16:00:00,424.937,426.416,424.886,425.966,3969000.1011
2024-11-04 17:00:00,428.016,428.196,424.556,424.966,5192999.8398
2024-11-04 18:00:00,428.796,429.327,428.016,428.056,4281300.0679
2024-11-04 19:00:00,427.797,429.276,427.797,428.787,5300099.8497
2024-11-06 13:00:00,426.406,427.256,425.246,425.536,2996099.9489
2024-11-06 14:00:00,428.086,428.207,425.457,426.486,5215499.8779
2024-11-06 15:00:00,428.327,428.746,427.436,428.066,4607100.0099
2024-11-06 16:00:00,427.777,428.367,427.186,428.317,3315599.9184
2024-11-06 17:00:00,429.106,429.127,427.677,427.796,3557699.9187
2024-11-06 18:00:00,431.027,431.067,429.017,429.067,3941999.9123
2024-11-06 19:00:00,432.636,432.717,430.756,431.046,5336999.8932
2024-11-07 13:00:00,461.126,464.627,460.866,463.466,2605499.9828
2024-11-07 14:00:00,454.937,461.846,453.246,461.007,6495299.8161
2024-11-07 15:00:00,453.206,455.427,451.527,454.937,6021900.177
2024-11-07 16:00:00,454.477,456.246,452.776,453.206,5170499.8016
2024-11-07 17:00:00,452.847,455.536,452.446,454.477,3791699.8863
2024-11-07 18:00:00,454.306,455.047,452.837,452.856,3201299.9058
2024-11-07 19:00:00,454.717,455.857,454.067,454.316,5634900.0931
2024-11-09 13:00:00,415.187,416.877,414.236,414.796,4574399.9481
2024-11-09 14:00:00,410.366,415.257,409.676,415.236,9067199.707
2024-11-09 15:00:00,413.767,413.977,409.527,410.286,6621600.1511
2024-11-09 16:00:00,415.916,416.486,413.566,413.787,6554399.9672
2024-11-09 17:00:00,418.346,419.456,415.736,415.926,5861999.9886
2024-11-09 18:00:00,420.587,420.967,418.156,418.346,6292799.9496
2024-11-09 19:00:00,422.737,423.937,420.126,420.617,7754399.7765
2024-11-10 13:00:00,414.927,415.967,413.226,415.676,3086400.032
2024-11-10 14:00:00,415.357,417.087,414.496,414.927,5509200.0961
2024-11-10 15:00:00,415.456,415.937,414.906,415.367,5024400.2342
2024-11-10 16:00:00,414.317,415.477,413.306,415.456,3441600.0843
2024-11-10 17:00:00,414.427,414.947,414.156,414.327,2653199.9111
2024-11-10 18:00:00,415.716,415.716,414.406,414.417,2877599.9546
2024-11-10 19:00:00,416.207,416.487,415.626,415.707,4432799.8161
2024-11-11 14:00:00,422.826,424.726,421.856,422.586,3745199.9187
2024-11-11 15:00:00,419.297,423.116,419.296,422.956,5893199.9207
2024-11-11 16:00:00,418.676,419.347,415.997,419.306,4496399.8795
2024-11-11 17:00:00,417.327,419.107,417.217,418.676,3040800.0946
2024-11-11 18:00:00,419.337,419.856,416.676,417.266,3937200.0694
2024-11-11 19:00:00,419.197,419.587,418.876,419.287,2592000.0076
2024-11-11 20:00:00,418.077,419.607,417.116,419.167,4207200.0504
2024-11-12 14:00:00,446.017,446.366,443.996,444.476,2851200.1038
2024-11-12 15:00:00,448.377,449.347,445.397,446.036,4844399.929
2024-11-12 16:00:00,449.217,450.276,448.357,448.387,3119999.8856
2024-11-12 17:00:00,449.397,449.936,448.926,449.236,2014800.0717
2024-11-12 18:00:00,449.196,449.867,448.676,449.396,1834800.005
2024-11-12 19:00:00,448.376,449.497,447.846,449.197,1692000.0315
2024-11-12 20:00:00,448.837,449.647,448.387,448.387,3177599.9069
2024-12-01 14:00:00,385.216,387.156,384.856,385.537,6423600.1968
2024-12-01 15:00:00,386.976,386.996,384.627,385.226,12488400.4593
2024-12-01 16:00:00,386.406,388.457,386.276,386.947,8804400.444
2024-12-01 17:00:00,387.227,387.466,386.077,386.406,7007999.897
2024-12-01 18:00:00,388.287,388.366,387.226,387.247,6068399.9062
2024-12-01 19:00:00,387.916,388.666,387.547,388.286,7396800.0412
2024-12-01 20:00:00,388.407,388.657,387.187,387.906,8361599.9222
2024-12-02 14:00:00,417.116,420.577,417.096,420.447,5426400.1846
2024-12-02 15:00:00,419.046,419.206,416.746,417.097,8186400.4135
2024-12-02 16:00:00,419.126,419.666,417.997,419.067,8586000.4425
2024-12-02 17:00:00,419.077,419.347,418.227,419.127,8467200.2792
2024-12-02 18:00:00,417.187,419.156,416.496,419.077,9765600.2045
2024-12-02 19:00:00,414.967,417.266,414.777,417.186,13258799.5529
2024-12-02 20:00:00,415.246,416.147,414.727,414.947,10052399.6353
2024-12-03 13:00:00,409.597,409.617,406.776,407.717,7254000.1869
2024-12-03 14:00:00,413.227,414.426,409.496,409.596,12982799.53
2024-12-03 15:00:00,413.187,414.136,412.567,413.226,10051199.913
2024-12-03 16:00:00,412.456,413.677,411.747,413.187,6687600.1358
2024-12-03 17:00:00,414.066,414.857,411.517,412.416,5816400.0511
2024-12-03 18:00:00,414.807,415.467,413.896,414.066,4498799.8009
2024-12-03 19:00:00,415.197,415.526,414.366,414.806,7264800.0717
2024-12-04 13:00:00,424.747,425.106,422.496,424.117,4229100.2274
2024-12-04 14:00:00,420.967,424.847,420.706,424.797,7111800.1938
2024-12-04 15:00:00,423.817,424.437,420.876,420.976,4642199.9931
2024-12-04 16:00:00,421.056,424.226,421.056,423.817,5196599.9603
2024-12-04 17:00:00,420.687,421.667,419.746,421.066,5523300.1709
2024-12-04 18:00:00,421.087,422.206,420.386,420.627,6131700.0389
2024-12-04 19:00:00,421.786,422.226,420.787,421.086,6872399.807
2024-12-06 13:00:00,437.966,438.467,433.216,435.146,4292099.9527
2024-12-06 14:00:00,437.947,438.346,436.166,437.997,5261400.2228
2024-12-06 15:00:00,438.796,439.526,437.346,437.976,4119299.8886
2024-12-06 16:00:00,439.246,439.277,438.036,438.777,2926800.0126
2024-12-06 17:00:00,439.566,440.376,438.666,439.256,3123899.9367
2024-12-06 18:00:00,440.666,440.696,438.416,439.567,8200799.942
2024-12-06 19:00:00,440.976,443.377,439.596,440.667,9794699.6689
2024-12-07 13:00:00,453.356,454.057,450.587,454.057,3326400.0416
2024-12-07 14:00:00,454.077,454.797,452.346,453.336,4026599.884
2024-12-07 15:00:00,453.627,454.936,453.566,454.006,2791800.0221
2024-12-07 16:00:00,453.667,454.117,452.706,453.577,3047399.9977
2024-12-07 17:00:00,455.697,456.326,453.576,453.666,2610899.9252
2024-12-07 18:00:00,455.787,455.846,454.906,455.706,2465100.05
2024-12-07 19:00:00,453.487,456.286,452.056,455.786,5202000.1411
2024-12-08 13:00:00,404.657,408.267,404.396,407.007,4778399.9443
2024-12-08 14:00:00,407.067,407.067,404.187,404.657,7054800.0336
2024-12-08 15:00:00,408.297,408.306,404.347,407.096,8149200.4395
2024-12-08 16:00:00,405.806,408.756,405.786,408.287,5632800.1022
2024-12-08 17:00:00,405.996,407.787,405.226,405.797,6092400.074
2024-12-08 18:00:00,406.277,406.477,405.476,406.017,4682400.2266
2024-12-08 19:00:00,406.857,406.936,405.087,406.267,7458000.1831
2024-12-09 13:00:00,420.967,423.986,420.126,423.237,4435200.2144
2024-12-09 14:00:00,420.156,422.916,419.946,421.006,7895999.9084
2024-12-09 15:00:00,419.986,421.827,419.727,420.156,6298799.9916
2024-12-09 16:00:00,422.716,422.937,419.776,419.946,4436399.9367
2024-12-09 17:00:00,425.946,425.946,422.426,422.686,4238399.9825
2024-12-09 18:00:00,426.327,427.317,424.096,425.917,5085599.8993
2024-12-09 19:00:00,427.017,427.057,425.396,426.326,6673200.1305
2024-12-11 14:00:00,418.617,420.457,417.067,417.496,3109200.0008
2024-12-11 15:00:00,418.937,420.266,417.696,418.727,5601600.1701
2024-12-11 16:00:00,419.897,420.347,418.937,418.937,4426799.7742
2024-12-11 17:00:00,419.686,421.687,419.676,419.897,4167600.1549
2024-12-11 18:00:00,422.817,423.117,419.576,419.687,4512000.0839
2024-12-11 19:00:00,423.686,423.816,422.716,422.796,4490399.8375
2024-12-11 20:00:00,423.156,424.397,422.566,423.686,6929999.8283
2024-12-12 14:00:00,452.086,453.497,449.267,449.856,4012800.2167
2024-12-12 15:00:00,455.287,455.706,450.467,452.086,5744400.0244
2024-12-12 16:00:00,453.297,456.116,452.806,455.277,3538800.0011
2024-12-12 17:00:00,454.396,455.167,453.296,453.296,2631599.9031
2024-12-12 18:00:00,453.107,454.636,453.016,454.347,2227200.0313
2024-12-12 19:00:00,451.807,453.496,451.716,453.136,2250000.0
2024-12-12 20:00:00,449.437,452.107,449.106,451.747,4174799.9191
2025-01-04 13:00:00,378.227,378.646,373.196,374.167,2791199.9226
2025-01-04 14:00:00,380.277,380.476,375.596,378.197,5234399.7955
2025-01-04 15:00:00,381.116,381.856,380.007,380.266,4901999.9504
2025-01-04 16:00:00,380.986,382.317,379.576,381.117,4300799.8466
2025-01-04 17:00:00,379.797,381.347,379.766,380.927,3932399.9882
2025-01-04 18:00:00,380.416,380.427,378.236,379.837,4268400.1923
2025-01-04 19:00:00,382.067,382.796,379.926,380.417,7366799.8314
2025-01-05 13:00:00,430.526,436.387,430.076,431.336,5167200.0885
2025-01-05 14:00:00,431.936,432.547,428.506,430.506,7809599.8764
2025-01-05 15:00:00,429.046,433.487,428.096,431.897,5131199.8367
2025-01-05 16:00:00,427.697,430.707,427.616,429.077,5245200.1572
2025-01-05 17:00:00,429.596,429.986,427.596,427.657,4006800.1747
2025-01-05 18:00:00,430.666,431.866,429.237,429.607,3767999.8875
2025-01-05 19:00:00,425.087,430.936,424.697,430.667,6210000.0381
2025-02-01 14:00:00,425.217,425.807,422.636,425.337,2716799.9744
2025-02-01 15:00:00,421.716,425.807,420.486,425.296,4895999.9084
2025-02-01 16:00:00,421.507,422.307,420.276,421.757,3186000.1087
2025-02-01 17:00:00,416.007,421.847,414.806,421.506,4759200.0961
2025-02-01 18:00:00,415.677,416.716,414.846,416.007,3737999.9161
2025-02-01 19:00:00,416.356,417.797,415.366,415.726,3214799.881
2025-02-01 20:00:00,418.407,418.887,416.416,416.416,5594399.929
2025-02-04 13:00:00,381.367,382.357,376.566,378.006,2138400.0778
2025-02-04 14:00:00,381.706,382.377,379.177,381.336,4176000.1183
2025-02-04 15:00:00,381.237,382.616,380.186,381.687,4233600.1396
2025-02-04 16:00:00,384.027,384.266,381.106,381.236,3981600.0462
2025-02-04 17:00:00,382.107,384.987,381.596,384.067,3820800.066
2025-02-04 18:00:00,380.387,382.087,380.216,382.076,5007599.8306
2025-02-04 19:00:00,382.117,383.996,380.377,380.377,8635199.5468
2025-02-05 13:00:00,436.617,437.347,429.806,432.007,4081200.1228
2025-02-05 14:00:00,435.066,439.396,434.397,436.707,7330800.0565
2025-02-05 15:00:00,436.016,436.167,433.797,435.027,4638000.0114
2025-02-05 16:00:00,437.606,438.107,435.486,436.017,4528800.0107
2025-02-05 17:00:00,436.547,437.986,435.607,437.656,3486000.061
2025-02-05 18:00:00,435.537,437.267,434.726,436.497,3633599.9966
2025-02-05 19:00:00,434.937,435.947,434.566,435.557,6355199.8138
2025-02-06 13:00:00,460.766,461.067,456.886,457.516,2846400.0004000003
2025-02-06 14:00:00,460.917,460.947,458.347,460.616,4374000.0181
2025-02-06 15:00:00,461.277,461.447,459.996,460.856,3622800.0055
2025-02-06 16:00:00,461.357,461.447,460.536,461.256,3001200.0001000003
2025-02-06 17:00:00,460.506,462.037,460.216,461.377,2892000.0177
2025-02-06 18:00:00,461.476,461.647,460.146,460.507,3204000.003699999
2025-02-06 19:00:00,462.016,462.016,460.857,461.467,5758800.022300002
2025-03-01 14:00:00,422.226,422.697,420.496,420.997,2408400.0587
2025-03-01 15:00:00,421.247,423.666,420.136,422.336,4051199.913
2025-03-01 16:00:00,421.516,422.617,419.536,421.247,2636399.9844
2025-03-01 17:00:00,421.966,422.187,420.876,421.526,1896000.0277
2025-03-01 18:00:00,422.856,423.836,421.496,421.966,1965600.0137
2025-03-01 19:00:00,423.196,424.007,422.266,422.767,1874400.0196
2025-03-01 20:00:00,423.447,423.807,421.586,423.177,5512800.2167
2025-03-02 14:00:00,411.357,414.637,409.096,411.426,4178400.0397
2025-03-02 15:00:00,412.976,413.537,408.656,411.326,8066399.5743
2025-03-02 16:00:00,411.046,413.587,410.296,412.897,5138400.0778
2025-03-02 17:00:00,411.907,412.497,410.527,411.077,4406400.2037
2025-03-02 18:00:00,414.857,414.906,411.316,411.907,4188000.2022
2025-03-02 19:00:00,414.057,415.367,413.906,414.817,3356400.013
2025-03-02 20:00:00,410.946,414.227,410.706,414.076,6847199.9168
2025-03-03 14:00:00,393.007,397.616,393.006,397.477,2794800.0431
2025-03-03 15:00:00,394.037,395.267,392.086,393.197,5312399.8642
2025-03-03 16:00:00,394.667,395.777,393.046,394.057,6189599.9908
2025-03-03 17:00:00,395.167,395.926,394.246,394.667,5095200.0618
2025-03-03 18:00:00,393.577,395.336,392.146,395.126,5995200.1572
2025-03-03 19:00:00,392.336,395.017,391.456,393.536,5592000.0076
2025-03-03 20:00:00,388.507,392.367,386.116,392.367,9864000.3204
2025-03-04 13:00:00,372.816,375.836,369.266,375.526,4275599.9565
2025-03-04 14:00:00,371.537,375.107,371.196,372.717,6228000.164
2025-03-04 15:00:00,374.916,375.697,371.126,371.537,6677999.9733
2025-03-04 16:00:00,376.277,377.347,374.836,374.896,6078000.0687
2025-03-04 17:00:00,376.396,377.407,375.496,376.326,5906400.2037
2025-03-04 18:00:00,375.517,376.767,374.996,376.356,5997600.0786
2025-03-04 19:00:00,373.156,375.857,372.596,375.516,10065600.3952
2025-03-06 13:00:00,462.336,463.797,461.216,461.897,2781600.0167999994
2025-03-06 14:00:00,461.886,463.146,460.836,462.376,3754800.0178
2025-03-06 15:00:00,462.536,462.817,461.887,461.887,3088800.0112
2025-03-06 16:00:00,462.697,463.057,461.996,462.587,2107200.0113000004
2025-03-06 17:00:00,462.456,463.377,462.226,462.677,2457599.9990000003
2025-03-06 18:00:00,463.316,463.537,461.756,462.546,3693599.979800001
2025-03-06 19:00:00,463.017,463.606,462.526,463.316,7195200.010899999
2025-04-02 14:00:00,411.216,412.136,409.837,412.136,3342000.0076
2025-04-02 15:00:00,413.166,413.857,411.196,411.267,4444799.9001
2025-04-02 16:00:00,412.517,413.606,412.156,413.167,2713200.0923
2025-04-02 17:00:00,411.707,412.976,410.627,412.527,3575999.9752
2025-04-02 18:00:00,411.567,411.867,410.796,411.656,2335200.0713
2025-04-02 19:00:00,412.527,412.857,411.326,411.527,2719199.8959
2025-04-02 20:00:00,412.216,412.846,411.346,412.517,5065199.852
2025-04-03 14:00:00,383.916,387.436,380.996,382.996,4437600.1358
2025-04-03 15:00:00,384.836,385.576,381.506,383.897,8399999.6185
2025-04-03 16:00:00,384.837,385.967,383.496,384.887,4797599.7925
2025-04-03 17:00:00,384.697,385.977,384.196,384.836,4639200.2106
2025-04-03 18:00:00,387.307,387.707,384.227,384.627,5199600.2197
2025-04-03 19:00:00,390.317,391.107,387.216,387.306,5381999.9695
2025-04-03 20:00:00,388.497,392.506,387.046,390.316,7808400.1541
2025-04-04 13:00:00,372.316,372.677,364.117,365.497,5061600.2083
2025-04-04 14:00:00,367.886,374.386,365.506,372.306,11555999.7559
2025-04-04 15:00:00,367.006,372.717,366.326,367.886,9802800.1785
2025-04-04 16:00:00,364.427,369.197,362.996,367.056,7458000.1831
2025-04-04 17:00:00,365.476,366.196,362.746,364.416,7258800.0298
2025-04-04 18:00:00,360.856,366.466,360.017,365.517,8020799.6368
2025-04-04 19:00:00,359.787,365.857,359.447,360.837,10772399.9023
2025-04-06 13:00:00,465.386,465.547,462.996,463.536,3356400.0128000006
2025-04-06 14:00:00,464.757,465.496,463.726,465.176,5603999.983200001
2025-04-06 15:00:00,464.726,465.107,464.346,464.756,3500400.0084
2025-04-06 16:00:00,464.147,464.836,463.616,464.746,3196800.0123000005
2025-04-06 17:00:00,464.737,464.886,464.066,464.127,2776800.0071
2025-04-06 18:00:00,464.406,465.067,464.097,464.747,2849999.991199999
2025-04-06 19:00:00,463.896,464.497,463.307,464.337,6141600.012399999
2025-05-02 14:00:00,410.686,413.646,410.597,411.727,3665999.8894
2025-05-02 15:00:00,411.437,411.886,410.376,410.936,4645199.7757
2025-05-02 16:00:00,413.226,413.476,411.226,411.427,3032399.8928
2025-05-02 17:00:00,412.846,413.777,412.237,413.227,2033999.9199
2025-05-02 18:00:00,412.507,413.167,411.756,412.876,2016000.0324
2025-05-02 19:00:00,412.826,413.477,412.416,412.466,1914000.0343
2025-05-02 20:00:00,413.066,413.297,411.977,412.826,4402800.0832
2025-05-03 14:00:00,389.106,391.817,388.786,388.797,2767199.9931
2025-05-03 15:00:00,392.426,393.237,389.126,389.126,4669199.9435
2025-05-03 16:00:00,392.067,392.646,390.007,392.387,4707600.1167
2025-05-03 17:00:00,396.866,396.887,391.896,392.066,6409200.1915
2025-05-03 18:00:00,396.667,397.117,394.096,396.867,6035999.7749
2025-05-03 19:00:00,399.797,399.977,396.226,396.696,5892000.1984
2025-05-03 20:00:00,400.607,401.627,398.796,399.797,8461199.7604
2025-05-05 13:00:00,436.187,436.446,432.546,432.797,2324399.9481
2025-05-05 14:00:00,437.346,437.347,434.466,436.186,4596000.1945
2025-05-05 15:00:00,437.437,437.986,436.056,437.347,3142800.0927
2025-05-05 16:00:00,438.967,439.467,437.146,437.446,2997600.0786
2025-05-05 17:00:00,437.886,439.327,437.886,438.967,2968800.0679
2025-05-05 18:00:00,438.087,438.647,437.676,437.886,2276400.0893
2025-05-05 19:00:00,436.176,438.157,435.037,438.086,4960800.1709
2025-05-06 13:00:00,464.657,467.327,464.016,466.027,3100799.9965
2025-05-06 14:00:00,466.567,467.366,464.396,464.776,5023200.0571
2025-05-06 15:00:00,467.917,468.276,466.466,466.566,3697200.0151
2025-05-06 16:00:00,466.547,468.677,466.396,467.926,4605600.0126
2025-05-06 17:00:00,467.666,467.926,466.166,466.526,4227600.007899999
2025-05-06 18:00:00,469.306,469.517,466.486,467.696,5528400.029999998
2025-05-06 19:00:00,467.606,469.617,466.707,469.337,12148799.993399996
2025-06-01 14:00:00,430.887,431.867,426.796,428.006,3553200.0065
2025-06-01 15:00:00,432.167,434.226,430.416,430.886,4930799.9611
2025-06-01 16:00:00,431.187,432.276,430.897,432.127,2581199.8844
2025-06-01 17:00:00,428.686,431.967,428.546,431.187,2643599.987
2025-06-01 18:00:00,425.997,428.747,425.776,428.686,3337199.9264
2025-06-01 19:00:00,425.986,427.127,425.426,425.997,2680799.9611
2025-06-01 20:00:00,427.887,428.006,425.786,425.987,5486400.1274
2025-06-02 14:00:00,417.166,418.017,414.046,414.047,3307199.955
2025-06-02 15:00:00,416.957,417.806,416.176,417.167,3243599.8917
2025-06-02 16:00:00,416.636,418.167,416.296,417.016,2417999.9828
2025-06-02 17:00:00,416.676,417.187,415.896,416.636,2098799.9439
2025-06-02 18:00:00,415.496,416.887,415.376,416.676,2287199.9741
2025-06-02 19:00:00,415.016,416.326,414.606,415.477,3183599.9489
2025-06-02 20:00:00,415.837,415.927,414.066,414.996,5235599.9947
2025-06-03 14:00:00,397.096,397.987,393.256,393.747,2840399.9805
2025-06-03 15:00:00,400.147,401.967,396.796,397.096,6090000.1526
2025-06-03 16:00:00,396.596,401.817,396.596,400.146,5456399.9176
2025-06-03 17:00:00,397.427,397.756,395.096,396.597,5312399.8642
2025-06-03 18:00:00,396.757,398.147,395.836,397.327,6169199.9435
2025-06-03 19:00:00,394.956,397.047,394.177,396.756,6909599.781
2025-06-03 20:00:00,396.866,397.846,394.307,394.847,9041999.8169
2025-06-05 13:00:00,433.467,435.026,432.106,432.106,2318399.9062
2025-06-05 14:00:00,435.626,436.157,432.706,433.466,3746400.1179
2025-06-05 15:00:00,435.796,436.687,435.336,435.627,2859600.0671
2025-06-05 16:00:00,435.646,437.577,435.016,435.817,3849600.0767
2025-06-05 17:00:00,434.576,436.717,434.356,435.677,3088799.9535
2025-06-05 18:00:00,435.646,435.957,434.346,434.506,3273600.1015
2025-06-05 19:00:00,433.237,435.707,433.186,435.586,5324399.9481
2025-06-06 13:00:00,472.116,472.627,469.076,470.486,4226400.006599999
2025-06-06 14:00:00,471.057,473.277,471.046,472.116,5192400.0173
2025-06-06 15:00:00,470.677,471.846,469.496,471.047,4395600.0207
2025-06-06 16:00:00,469.417,470.987,468.726,470.667,3886800.0132
2025-06-06 17:00:00,470.897,471.227,469.316,469.476,3564000.019500001
2025-06-06 18:00:00,471.046,471.757,470.866,470.907,3142800.006699999
2025-06-06 19:00:00,470.086,471.377,470.066,471.017,7110000.018199998
2025-07-01 14:00:00,430.296,430.487,427.667,427.837,1276800.0364
2025-07-01 15:00:00,426.896,430.247,425.496,430.157,4150800.2281
2025-07-01 16:00:00,424.487,427.147,424.337,426.956,3331199.8844
2025-07-01 17:00:00,423.726,424.887,422.706,424.486,2422800.0641
2025-07-01 18:00:00,423.326,424.457,422.896,423.646,2003999.9485
2025-07-01 19:00:00,423.666,424.567,423.117,423.337,1401600.0032
2025-07-01 20:00:00,422.377,423.807,420.796,423.667,5280000.2098
2025-07-02 14:00:00,416.997,418.577,415.386,415.966,3068399.9062
2025-07-02 15:00:00,411.927,416.797,410.576,416.796,7971600.0557
2025-07-02 16:00:00,410.527,412.427,410.256,412.046,6857999.8016
2025-07-02 17:00:00,410.306,411.286,409.516,410.526,5274000.1678
2025-07-02 18:00:00,409.007,411.236,408.906,410.337,3547199.9645
2025-07-02 19:00:00,408.716,409.227,408.076,408.966,4178400.0397
2025-07-02 20:00:00,409.707,410.337,408.306,408.706,6403200.1495
2025-07-03 14:00:00,392.427,394.716,390.746,391.646,3065999.9847
2025-07-03 15:00:00,390.617,393.817,388.346,392.296,7633200.1686
2025-07-03 16:00:00,386.476,390.606,385.747,390.606,7590000.1526
2025-07-03 17:00:00,388.287,390.447,385.496,386.517,7106400.013
2025-07-03 18:00:00,391.636,391.716,388.186,388.287,6410399.9138
2025-07-03 19:00:00,393.056,394.197,391.297,391.637,5901599.884
2025-07-03 20:00:00,393.286,394.217,390.246,392.976,7574399.9481
2025-07-04 13:00:00,353.267,354.147,344.726,354.147,4984799.8619
2025-07-04 14:00:00,360.296,370.476,349.676,353.197,7817999.8398
2025-07-04 15:00:00,355.767,361.877,350.286,360.297,7221600.0557
2025-07-04 16:00:00,352.397,357.426,352.086,355.777,6515999.794
2025-07-04 17:00:00,360.307,360.656,352.376,352.397,6344399.929
2025-07-04 18:00:00,357.167,361.446,356.876,360.306,7089600.0862
2025-07-04 19:00:00,357.726,358.977,354.706,357.117,7483200.0732
2025-07-05 13:00:00,434.497,434.987,432.296,433.606,2683199.8825
2025-07-05 14:00:00,431.947,435.577,431.056,434.547,4132800.1022
2025-07-05 15:00:00,433.676,434.476,431.226,431.947,4269599.9146
2025-07-05 16:00:00,435.856,436.046,433.256,433.667,2912400.0072
2025-07-05 17:00:00,434.647,436.137,433.846,435.847,3152400.0168
2025-07-05 18:00:00,436.056,436.157,432.067,434.507,6333600.0443
2025-07-05 19:00:00,433.146,438.056,432.987,436.027,8240400.3143
2025-08-01 14:00:00,425.507,425.766,422.696,423.567,2338799.9535
2025-08-01 15:00:00,426.036,426.786,424.547,425.506,3456000.0896
2025-08-01 16:00:00,424.747,426.277,424.346,426.036,2213999.9866
2025-08-01 17:00:00,422.526,424.877,421.506,424.756,2791199.9226
2025-08-01 18:00:00,423.617,424.487,422.477,422.527,2181600.0938
2025-08-01 19:00:00,423.456,425.226,422.946,423.617,2205600.0233
2025-08-01 20:00:00,424.296,425.117,423.046,423.466,4387199.8787
2025-08-04 13:00:00,371.757,371.906,366.896,367.997,3554399.9672
2025-08-04 14:00:00,369.337,373.537,368.917,371.756,7039199.8291
2025-08-04 15:00:00,366.797,369.977,365.636,369.327,5177999.9733
2025-08-04 16:00:00,360.797,366.797,360.006,366.797,5672399.9977
2025-08-04 17:00:00,361.046,362.627,358.076,360.696,7032000.0648
2025-08-04 18:00:00,358.797,361.556,357.366,361.027,5732399.9405
2025-08-04 19:00:00,355.166,359.036,350.276,358.797,9612000.4654
2025-08-05 13:00:00,437.896,440.927,436.656,437.797,2750400.0664
2025-08-05 14:00:00,436.906,438.637,435.596,437.966,4779600.1434
2025-08-05 15:00:00,441.737,443.426,436.047,436.727,5793600.0824
2025-08-05 16:00:00,443.036,443.407,441.676,441.676,3931200.0275
2025-08-05 17:00:00,441.987,443.626,441.766,442.996,3456000.0896
2025-08-05 18:00:00,442.047,443.337,441.866,441.996,3732000.1125
2025-08-05 19:00:00,438.296,442.667,437.646,442.077,7481999.8741
2025-09-04 13:00:00,360.726,361.697,353.757,354.976,3017999.8875
2025-09-04 14:00:00,357.626,362.837,357.296,360.726,6700799.942
2025-09-04 15:00:00,360.967,362.796,357.496,357.617,5583600.0443
2025-09-04 16:00:00,365.887,366.387,360.216,360.907,5168399.8108
2025-09-04 17:00:00,383.847,386.867,362.677,365.887,5356800.0793
2025-09-04 18:00:00,382.807,385.847,381.277,383.846,6768000.1259
2025-09-04 19:00:00,390.417,393.137,382.017,382.716,10130399.704
2025-09-05 13:00:00,439.027,440.156,437.757,439.697,1941599.9651
2025-09-05 14:00:00,437.316,439.186,436.196,438.987,4287600.0404
2025-09-05 15:00:00,437.677,437.897,436.396,437.356,3058799.9821
2025-09-05 16:00:00,436.706,437.667,435.846,437.647,2343600.0347
2025-09-05 17:00:00,437.896,437.937,436.066,436.717,2613600.0156
2025-09-05 18:00:00,438.737,439.067,437.307,437.866,2590800.0469
2025-09-05 19:00:00,438.527,439.646,438.406,438.767,4971600.0557
2025-09-06 13:00:00,469.337,471.127,468.576,469.696,2234400.0153999995
2025-09-06 14:00:00,470.017,471.077,469.426,469.426,4730399.9810000025
2025-09-06 15:00:00,470.597,471.147,469.696,470.036,3464400.0079
2025-09-06 16:00:00,471.816,472.427,469.996,470.627,3462000.0103
2025-09-06 17:00:00,472.557,472.877,471.666,471.817,2443199.9906
2025-09-06 18:00:00,473.306,473.397,472.366,472.527,2748000.0220000003
2025-09-06 19:00:00,472.496,473.407,472.186,473.316,6296400.014499998
2025-10-01 14:00:00,419.577,424.557,418.616,424.527,3211199.9989
2025-10-01 15:00:00,417.896,419.837,414.996,419.386,5328000.0687
2025-10-01 16:00:00,416.416,418.197,416.126,417.957,3080399.9901
2025-10-01 17:00:00,419.826,420.287,416.117,416.487,2218800.0679
2025-10-01 18:00:00,423.056,423.196,419.327,419.797,2653199.9111
2025-10-01 19:00:00,421.067,423.127,420.316,423.056,2349600.0767
2025-10-01 20:00:00,418.907,421.617,418.736,420.906,5284800.0526
2025-10-02 14:00:00,412.247,414.097,411.696,413.166,2598000.0496
2025-10-02 15:00:00,414.857,414.937,412.246,412.276,3742799.9973
2025-10-02 16:00:00,414.257,415.427,413.916,414.867,2240400.0759
2025-10-02 17:00:00,412.616,414.247,411.847,414.207,2282399.8928
2025-10-02 18:00:00,412.436,413.057,412.196,412.646,1740000.0095
2025-10-02 19:00:00,411.726,412.456,411.466,412.387,2090399.9805
2025-10-02 20:00:00,412.106,412.286,410.896,411.726,4905600.071
2025-10-03 13:00:00,385.147,386.257,383.246,385.457,3184799.9096
2025-10-03 14:00:00,379.627,386.246,379.196,385.087,8024399.7574
2025-10-03 15:00:00,380.806,382.147,378.796,379.676,7392000.1984
2025-10-03 16:00:00,380.877,382.587,380.086,380.807,5242800.2357
2025-10-03 17:00:00,379.416,381.257,378.856,380.877,7268400.1923
2025-10-03 18:00:00,378.646,380.167,378.226,379.416,7047599.7925
2025-10-03 19:00:00,379.736,380.757,377.196,378.577,9933600.4257
2025-10-04 13:00:00,380.357,383.816,379.206,382.507,2993999.958
2025-10-04 14:00:00,379.357,381.147,377.596,380.356,5995200.1572
2025-10-04 15:00:00,374.246,381.107,374.006,379.317,4679999.8283
2025-10-04 16:00:00,374.247,374.686,367.777,374.246,5914800.1671
2025-10-04 17:00:00,375.997,377.437,368.996,374.247,5008800.0298
2025-10-04 18:00:00,379.096,380.666,373.516,376.206,5782800.1976
2025-10-04 19:00:00,381.107,383.337,377.376,379.136,7558800.2205
2025-10-06 13:00:00,470.026,472.717,468.316,471.177,2612400.0212
2025-10-06 14:00:00,468.976,470.867,468.946,470.106,3758399.9967
2025-10-06 15:00:00,468.497,469.296,466.897,469.007,4185600.008899999
2025-10-06 16:00:00,469.746,469.866,468.456,468.487,2859600.0018
2025-10-06 17:00:00,468.746,470.137,468.706,469.767,2804399.9983999985
2025-10-06 18:00:00,469.867,470.256,467.826,468.747,3546000.0241
2025-10-06 19:00:00,470.916,470.997,469.636,469.877,5818800.024699999
2025-11-02 14:00:00,410.937,410.996,409.266,409.296,2558399.9157
2025-11-02 15:00:00,411.597,412.426,410.606,411.007,3305999.9943
2025-11-02 16:00:00,410.336,411.776,410.266,411.666,2431200.0275
2025-11-02 17:00:00,410.036,410.557,409.506,410.326,2665199.995
2025-11-02 18:00:00,410.216,410.697,409.536,410.026,2101200.1038
2025-11-02 19:00:00,410.906,411.197,410.076,410.217,2322000.0267
2025-11-02 20:00:00,411.496,411.857,410.897,410.906,5929200.1724
2025-11-03 13:00:00,381.416,382.567,378.896,379.096,3569999.9332
2025-11-03 14:00:00,381.976,384.276,380.176,381.396,8093999.8627
2025-11-03 15:00:00,381.836,385.886,381.667,381.967,6700799.942
2025-11-03 16:00:00,379.346,381.867,378.756,381.817,6953999.9962
2025-11-03 17:00:00,378.987,379.707,376.866,379.326,7153200.1495
2025-11-03 18:00:00,383.906,384.506,378.926,379.036,8018400.1923
2025-11-03 19:00:00,380.256,385.216,380.126,383.906,9314399.7192
2025-11-04 13:00:00,384.757,385.886,380.716,380.856,2950799.942
2025-11-04 14:00:00,382.497,384.847,378.786,384.847,4766399.8604
2025-11-04 15:00:00,385.886,386.236,380.576,382.446,3579600.0957
2025-11-04 16:00:00,387.017,388.017,385.456,386.026,3314399.9577
2025-11-04 17:00:00,388.587,389.907,384.826,386.997,4446000.0992
2025-11-04 18:00:00,388.017,389.586,387.076,388.656,4135200.0237
2025-11-04 19:00:00,387.867,389.197,387.396,387.896,6022799.9687
2025-11-06 13:00:00,472.996,473.467,469.646,469.827,3265199.9742999994
2025-11-06 14:00:00,474.946,475.446,472.496,472.917,5776799.995199999
2025-11-06 15:00:00,473.766,475.296,473.636,474.906,4450799.998400001
2025-11-06 16:00:00,474.516,474.696,473.186,473.867,4162800.0066
2025-11-06 17:00:00,473.107,475.167,472.887,474.516,3583200.005500001
2025-11-06 18:00:00,471.997,473.257,470.886,473.106,5959200.000100001
2025-11-06 19:00:00,472.766,472.937,471.516,471.976,8096400.033400001
2025-12-02 14:00:00,408.206,408.786,404.337,407.206,3484800.1003
2025-12-02 15:00:00,408.196,409.846,406.966,408.246,6481200.2182
2025-12-02 16:00:00,409.286,409.377,407.196,408.207,4402800.0832
2025-12-02 17:00:00,410.556,410.676,408.717,409.287,3268800.0202
2025-12-02 18:00:00,410.016,410.716,409.706,410.556,2396399.9748
2025-12-02 19:00:00,409.597,410.386,409.306,410.036,2419199.9435
2025-12-02 20:00:00,408.916,409.647,408.006,409.616,4567200.1839
2025-12-03 13:00:00,380.996,384.717,379.376,382.746,3910799.9802
2025-12-03 14:00:00,379.647,381.607,379.286,380.906,5965199.9474
2025-12-03 15:00:00,383.046,383.217,378.946,379.677,6567599.7734
2025-12-03 16:00:00,383.386,385.147,382.636,383.116,5968800.0679
2025-12-03 17:00:00,381.537,384.317,381.537,383.407,5993999.958
2025-12-03 18:00:00,384.496,384.927,381.406,381.557,5535600.1854
2025-12-03 19:00:00,383.207,384.407,380.566,384.407,6976799.9649
2025-12-05 13:00:00,440.957,445.837,440.146,445.417,3586800.0984
2025-12-05 14:00:00,443.827,444.516,439.777,440.957,5816400.0511
2025-12-05 15:00:00,443.287,444.257,442.396,443.827,3944400.0721
2025-12-05 16:00:00,445.596,445.777,442.646,443.286,3335999.9657
2025-12-05 17:00:00,446.937,447.316,445.457,445.597,3508800.0298
2025-12-05 18:00:00,447.147,448.377,446.316,446.967,4048799.9916
2025-12-05 19:00:00,449.086,449.147,445.826,447.146,6680399.8947
2025-12-06 13:00:00,474.956,476.036,473.506,474.836,3151200.011299999
2025-12-06 14:00:00,476.606,476.957,474.706,474.997,5756399.981300001
2025-12-06 15:00:00,477.707,478.056,476.287,476.606,6110400.0209
2025-12-06 16:00:00,478.637,479.196,477.406,477.706,6253200.005699998
2025-12-06 17:00:00,479.367,479.947,478.466,478.597,5029200.002499998
2025-12-06 18:00:00,479.817,480.107,478.946,479.377,5126399.993600001
2025-12-06 19:00:00,479.006,480.377,477.986,479.816,6645600.043299999
