total_return_pct,win_rate,max_drawdown_pct,sharpe_ratio,num_trades,window_start,window_end,window_number,compliance_passed,compliance_notes,compliance_firm,worst_daily_pnl,max_drawdown_amount,final_equity
0.01,0.0,-0.17,,1,2020-02-25 11:00:00+00:00,2020-03-11 00:00:00+00:00,1,True,All checks passed,FTMO,-24.676592788707307,-61.83376645541284,99951.86716555843
-0.21,0.0,-0.25,,1,2020-03-13 23:00:00+00:00,2020-03-28 12:00:00+00:00,2,True,All checks passed,FTMO,-36.03017376424938,-75.87834078269952,99958.60217911527
-0.02,0.0,-0.14,,1,2020-03-31 11:00:00+00:00,2020-04-15 00:00:00+00:00,3,True,All checks passed,FTMO,-28.976532798913162,-29.30416418115783,99974.20393063208
-0.01,0.0,-0.05,,1,2020-04-17 23:00:00+00:00,2020-05-02 12:00:00+00:00,4,True,All checks passed,FTMO,-19.52112026738898,-25.68201144503837,99995.57722341346
-0.0,0.0,-0.1,,1,2020-05-05 11:00:00+00:00,2020-05-20 00:00:00+00:00,5,True,All checks passed,FTMO,-11.0659249582087,-16.838335644628387,100036.91036523672
-0.03,0.0,-0.05,,1,2020-05-22 23:00:00+00:00,2020-06-06 12:00:00+00:00,6,True,All checks passed,FTMO,-10.524493336041317,-13.196138160172268,100010.01888587544
0.01,0.0,-0.06,,1,2020-06-09 11:00:00+00:00,2020-06-24 00:00:00+00:00,7,True,All checks passed,FTMO,-14.081872419745457,-38.97477383479418,99986.25223949295
0.01,0.0,-0.04,,1,2020-06-26 23:00:00+00:00,2020-07-11 12:00:00+00:00,8,True,All checks passed,FTMO,-7.698631209468056,-21.68522593403759,99987.33120905417
0.05,0.0,-0.01,,1,2020-07-14 11:00:00+00:00,2020-07-29 00:00:00+00:00,9,True,All checks passed,FTMO,-5.226780794962578,-12.568603080580942,99999.62552010403
0.0,0.0,-0.01,,1,2020-07-31 23:00:00+00:00,2020-08-15 12:00:00+00:00,10,True,All checks passed,FTMO,-5.146293164157661,-7.846483179499046,100016.80894082846
-0.01,0.0,-0.03,,1,2020-08-18 11:00:00+00:00,2020-09-02 00:00:00+00:00,11,True,All checks passed,FTMO,-5.570578063527847,-15.177147376074572,99991.2585708089
-0.02,0.0,-0.06,,1,2020-09-04 23:00:00+00:00,2020-09-19 12:00:00+00:00,12,True,All checks passed,FTMO,-9.97283674795672,-11.396229606907582,100009.71679705274
0.04,0.0,-0.01,,1,2020-09-22 11:00:00+00:00,2020-10-07 00:00:00+00:00,13,True,All checks passed,FTMO,-16.53153755454799,-16.531537554546958,100005.59597415231
0.06,0.0,-0.0,,1,2020-10-09 23:00:00+00:00,2020-10-24 12:00:00+00:00,14,True,All checks passed,FTMO,-3.7845192938260404,-6.850936453076429,100036.75273359782
-0.1,0.0,-0.13,,1,2020-10-27 11:00:00+00:00,2020-11-11 00:00:00+00:00,15,True,All checks passed,FTMO,-14.359027525789239,-32.90730340385926,99973.32380936797
-0.04,0.0,-0.04,,1,2020-11-13 23:00:00+00:00,2020-11-28 12:00:00+00:00,16,True,All checks passed,FTMO,-9.865852201196718,-12.57133195635106,99991.1202796958
0.0,0.0,-0.01,,1,2020-12-01 11:00:00+00:00,2020-12-16 00:00:00+00:00,17,True,All checks passed,FTMO,-6.732371281728423,-6.732371281730593,100000.37380658876
0.02,0.0,-0.01,,1,2020-12-18 23:00:00+00:00,2021-01-02 12:00:00+00:00,18,True,All checks passed,FTMO,-4.028975735699266,-4.028975735694985,100003.29354641416
-0.02,0.0,-0.02,,1,2021-01-05 11:00:00+00:00,2021-01-20 00:00:00+00:00,19,True,All checks passed,FTMO,-11.337746636289308,-11.337746636287193,99995.40140703112
-0.06,0.0,-0.06,,1,2021-01-22 23:00:00+00:00,2021-02-06 12:00:00+00:00,20,True,All checks passed,FTMO,-10.109431716431803,-31.571157343278173,99988.01101661492
0.08,0.0,-0.0,,1,2021-02-09 11:00:00+00:00,2021-02-24 00:00:00+00:00,21,True,All checks passed,FTMO,-3.654783933263152,-4.432778403061093,100021.35201918124
0.02,0.0,-0.02,,1,2021-02-26 23:00:00+00:00,2021-03-13 12:00:00+00:00,22,True,All checks passed,FTMO,-8.010257290504423,-18.68725159468886,100009.10223623792
0.03,0.0,-0.01,,1,2021-03-16 11:00:00+00:00,2021-03-31 00:00:00+00:00,23,True,All checks passed,FTMO,-12.035229050165112,-15.260820044757565,99996.25025242432
-0.02,0.0,-0.03,,1,2021-04-02 23:00:00+00:00,2021-04-17 12:00:00+00:00,24,True,All checks passed,FTMO,-5.84024759325086,-13.137893640319817,99986.86210635968
-0.02,0.0,-0.02,,1,2021-04-20 11:00:00+00:00,2021-05-05 00:00:00+00:00,25,True,All checks passed,FTMO,-6.531094055011274,-9.085021657359903,100004.8256601536
0.01,0.0,-0.08,,1,2021-05-07 23:00:00+00:00,2021-05-22 12:00:00+00:00,26,True,All checks passed,FTMO,-13.838280151591128,-28.9381444301398,99990.47295697026
0.04,0.0,-0.0,,1,2021-05-25 11:00:00+00:00,2021-06-09 00:00:00+00:00,27,True,All checks passed,FTMO,-1.1157614359611583,-3.698650320060551,100017.6185366407
-0.03,0.0,-0.03,,1,2021-06-11 23:00:00+00:00,2021-06-26 12:00:00+00:00,28,True,All checks passed,FTMO,-5.166839373278398,-15.851067495532334,99988.40013589717
-0.01,0.0,-0.02,,1,2021-06-29 11:00:00+00:00,2021-07-14 00:00:00+00:00,29,True,All checks passed,FTMO,-4.524604703371635,-20.305740915820934,99982.5619484721
0.0,0.0,-0.02,,1,2021-07-16 23:00:00+00:00,2021-07-31 12:00:00+00:00,30,True,All checks passed,FTMO,-5.446635558291578,-20.006948152760742,99986.85164210912
-0.01,0.0,-0.01,,1,2021-08-03 11:00:00+00:00,2021-08-18 00:00:00+00:00,31,True,All checks passed,FTMO,-4.649630060986901,-6.259726472620969,99998.45438684181
0.0,0.0,-0.01,,1,2021-08-20 23:00:00+00:00,2021-09-04 12:00:00+00:00,32,True,All checks passed,FTMO,-4.151712832790225,-13.912419911444886,99989.3222594495
-0.0,0.0,-0.02,,1,2021-09-07 11:00:00+00:00,2021-09-22 00:00:00+00:00,33,True,All checks passed,FTMO,-5.356034525101251,-14.917114940224565,99994.8561934908
0.05,0.0,-0.02,,1,2021-09-24 23:00:00+00:00,2021-10-09 12:00:00+00:00,34,True,All checks passed,FTMO,-10.84105410820711,-28.743481423487538,99992.95193029166
-0.02,0.0,-0.03,,1,2021-10-12 11:00:00+00:00,2021-10-27 00:00:00+00:00,35,True,All checks passed,FTMO,-4.2353423717025125,-12.802984101872426,99994.1549819777
0.02,0.0,-0.01,,1,2021-10-29 23:00:00+00:00,2021-11-13 12:00:00+00:00,36,True,All checks passed,FTMO,-6.082639107451411,-6.082639107451541,100001.57301337921
0.04,0.0,-0.0,,1,2021-11-16 11:00:00+00:00,2021-12-01 00:00:00+00:00,37,True,All checks passed,FTMO,-9.168618241657983,-10.412002413984737,100005.29575907043
-0.01,0.0,-0.05,,1,2021-12-03 23:00:00+00:00,2021-12-18 12:00:00+00:00,38,True,All checks passed,FTMO,-4.963300004154264,-12.65159574187419,100002.43100744497
-0.01,0.0,-0.05,,1,2021-12-21 11:00:00+00:00,2022-01-05 00:00:00+00:00,39,True,All checks passed,FTMO,-9.148657046192106,-18.018460650506313,99994.09620210138
0.02,0.0,-0.03,,1,2022-01-07 23:00:00+00:00,2022-01-22 12:00:00+00:00,40,True,All checks passed,FTMO,-12.102264018249258,-17.417390227899887,99989.02356561238
0.1,0.0,-0.03,,1,2022-01-25 11:00:00+00:00,2022-02-09 00:00:00+00:00,41,True,All checks passed,FTMO,-6.01072497524396,-22.88292937821825,100056.19997122066
-0.05,0.0,-0.05,,1,2022-02-11 23:00:00+00:00,2022-02-26 12:00:00+00:00,42,True,All checks passed,FTMO,-13.974397016801506,-13.974397016805597,100011.42561751553
-0.04,0.0,-0.04,,1,2022-03-01 11:00:00+00:00,2022-03-16 00:00:00+00:00,43,True,All checks passed,FTMO,-9.964087767006399,-37.63333008278278,99963.29694323802
0.01,0.0,-0.02,,1,2022-03-18 23:00:00+00:00,2022-04-02 12:00:00+00:00,44,True,All checks passed,FTMO,-13.365451182252789,-30.042089496273547,99984.80147821835
0.01,0.0,-0.02,,1,2022-04-05 11:00:00+00:00,2022-04-20 00:00:00+00:00,45,True,All checks passed,FTMO,-5.199287161673131,-10.418735122773796,100015.27512149625
0.06,0.0,-0.03,,1,2022-04-22 23:00:00+00:00,2022-05-07 12:00:00+00:00,46,True,All checks passed,FTMO,-13.441393943598362,-36.54537643381627,99994.70421476464
0.07,0.0,-0.02,,1,2022-05-10 11:00:00+00:00,2022-05-25 00:00:00+00:00,47,True,All checks passed,FTMO,-6.832716171017553,-10.268606736484799,100026.04164474085
-0.02,0.0,-0.05,,1,2022-05-27 23:00:00+00:00,2022-06-11 12:00:00+00:00,48,True,All checks passed,FTMO,-19.297105556315596,-35.40958569353097,99993.1746935616
0.05,0.0,-0.04,,1,2022-06-14 11:00:00+00:00,2022-06-29 00:00:00+00:00,49,True,All checks passed,FTMO,-16.471403704437265,-24.383677146441187,99994.5764159839
0.12,0.0,-0.02,,1,2022-07-01 23:00:00+00:00,2022-07-16 12:00:00+00:00,50,True,All checks passed,FTMO,-7.559865220189896,-9.623043674306246,100006.7523650493
-0.05,0.0,-0.08,,1,2022-07-19 11:00:00+00:00,2022-08-03 00:00:00+00:00,51,True,All checks passed,FTMO,-8.41832154498582,-28.03812585156993,99995.7489575856
0.03,0.0,-0.01,,1,2022-08-05 23:00:00+00:00,2022-08-20 12:00:00+00:00,52,True,All checks passed,FTMO,-7.406951648934146,-12.973517635487951,100008.10764686871
-0.01,0.0,-0.02,,1,2022-08-23 11:00:00+00:00,2022-09-07 00:00:00+00:00,53,True,All checks passed,FTMO,-7.39678720067624,-25.197333537682425,100004.60651703997
-0.0,0.0,-0.04,,1,2022-09-09 23:00:00+00:00,2022-09-24 12:00:00+00:00,54,True,All checks passed,FTMO,-7.264691413296121,-19.996178593544755,99999.03358195124
-0.06,0.0,-0.09,,1,2022-09-27 11:00:00+00:00,2022-10-12 00:00:00+00:00,55,True,All checks passed,FTMO,-14.19214573165045,-75.14459942081885,99941.6539300281
-0.03,0.0,-0.04,,1,2022-10-14 23:00:00+00:00,2022-10-29 12:00:00+00:00,56,True,All checks passed,FTMO,-8.313356007706867,-19.517238230473595,100002.79463108988
0.07,0.0,-0.02,,1,2022-11-01 11:00:00+00:00,2022-11-16 00:00:00+00:00,57,True,All checks passed,FTMO,-19.896139484776487,-35.0199784347933,99976.5963709708
-0.01,0.0,-0.01,,1,2022-11-18 23:00:00+00:00,2022-12-03 12:00:00+00:00,58,True,All checks passed,FTMO,-10.241633106513113,-17.14476216584444,99989.0743926839
0.04,0.0,-0.09,,1,2022-12-06 11:00:00+00:00,2022-12-21 00:00:00+00:00,59,True,All checks passed,FTMO,-6.611428882432643,-14.808796547207749,100027.67182313719
0.0,0.0,-0.0,,1,2022-12-23 23:00:00+00:00,2023-01-07 12:00:00+00:00,60,True,All checks passed,FTMO,-11.948507684185458,-16.781039736713865,99994.51277164118
-0.0,0.0,-0.05,,1,2023-01-10 11:00:00+00:00,2023-01-25 00:00:00+00:00,61,True,All checks passed,FTMO,-8.159862957128274,-27.205695436321548,99994.75662528838
-0.04,0.0,-0.05,,1,2023-01-27 23:00:00+00:00,2023-02-11 12:00:00+00:00,62,True,All checks passed,FTMO,-7.713773074821176,-26.103103615096188,99980.9454482706
0.04,0.0,-0.0,,1,2023-02-14 11:00:00+00:00,2023-03-01 00:00:00+00:00,63,True,All checks passed,FTMO,-2.9812405438776217,-3.3110989911365323,100044.4930408227
0.01,0.0,-0.0,,1,2023-03-03 23:00:00+00:00,2023-03-18 12:00:00+00:00,64,True,All checks passed,FTMO,-10.918500549908067,-22.709093283410766,99987.61388521033
0.03,0.0,-0.01,,1,2023-03-21 11:00:00+00:00,2023-04-05 00:00:00+00:00,65,True,All checks passed,FTMO,-6.241065249566848,-10.500072371753049,100023.44788514418
0.06,0.0,-0.01,,1,2023-04-07 23:00:00+00:00,2023-04-22 12:00:00+00:00,66,True,All checks passed,FTMO,-2.7400541655668262,-6.184092892537592,100042.4723924033
0.0,0.0,-0.01,,1,2023-04-25 11:00:00+00:00,2023-05-10 00:00:00+00:00,67,True,All checks passed,FTMO,-11.50452956115564,-23.6543964198936,99984.79163013591
-0.01,0.0,-0.05,,1,2023-05-12 23:00:00+00:00,2023-05-27 12:00:00+00:00,68,True,All checks passed,FTMO,-7.386498535890568,-23.228573878121097,99978.23193043402
-0.02,0.0,-0.04,,1,2023-05-30 11:00:00+00:00,2023-06-14 00:00:00+00:00,69,True,All checks passed,FTMO,-9.376760057217423,-13.193514100421453,100005.88229225068
-0.0,0.0,-0.02,,1,2023-06-16 23:00:00+00:00,2023-07-01 12:00:00+00:00,70,True,All checks passed,FTMO,-3.43039836072697,-6.275467523504631,99998.6943840608
0.01,0.0,-0.02,,1,2023-07-04 11:00:00+00:00,2023-07-19 00:00:00+00:00,71,True,All checks passed,FTMO,-5.8248212687922365,-9.092129440556164,99993.52761862086
0.01,0.0,-0.01,,1,2023-07-21 23:00:00+00:00,2023-08-05 12:00:00+00:00,72,True,All checks passed,FTMO,-5.185705202924635,-10.888756002605078,100001.1338287491
0.03,0.0,-0.03,,1,2023-08-08 11:00:00+00:00,2023-08-23 00:00:00+00:00,73,True,All checks passed,FTMO,-6.577656043681552,-17.83762447015033,99997.01457807311
0.02,0.0,-0.02,,1,2023-08-25 23:00:00+00:00,2023-09-09 12:00:00+00:00,74,True,All checks passed,FTMO,-9.556407818182604,-12.303439193827217,99995.25686422469
-0.01,0.0,-0.02,,1,2023-09-12 11:00:00+00:00,2023-09-27 00:00:00+00:00,75,True,All checks passed,FTMO,-7.29067875064793,-21.354332800634438,99982.70131568947
0.06,0.0,-0.0,,1,2023-09-29 23:00:00+00:00,2023-10-14 12:00:00+00:00,76,True,All checks passed,FTMO,-7.725551512132628,-14.408209022993105,100012.32250801231
-0.11,0.0,-0.11,,1,2023-10-17 11:00:00+00:00,2023-11-01 00:00:00+00:00,77,True,All checks passed,FTMO,-9.125426982469062,-28.658372569916537,99973.33252387276
0.01,0.0,-0.01,,1,2023-11-03 23:00:00+00:00,2023-11-18 12:00:00+00:00,78,True,All checks passed,FTMO,-4.625008013627835,-7.064722172479378,100008.57072110966
-0.0,0.0,-0.01,,1,2023-11-21 11:00:00+00:00,2023-12-06 00:00:00+00:00,79,True,All checks passed,FTMO,-3.1142672918595156,-4.621927778061945,100016.77807877869
0.01,0.0,-0.01,,1,2023-12-08 23:00:00+00:00,2023-12-23 12:00:00+00:00,80,True,All checks passed,FTMO,-11.434636765662026,-16.288595459525823,99998.76405788133
-0.0,0.0,-0.0,,1,2023-12-26 11:00:00+00:00,2024-01-10 00:00:00+00:00,81,True,All checks passed,FTMO,-4.31525270931642,-14.595438127711532,99985.53163824731
0.01,0.0,-0.01,,1,2024-01-12 23:00:00+00:00,2024-01-27 12:00:00+00:00,82,True,All checks passed,FTMO,-7.9099852053979856,-9.896515691594686,100007.10347013682
-0.05,0.0,-0.05,,1,2024-01-30 11:00:00+00:00,2024-02-14 00:00:00+00:00,83,True,All checks passed,FTMO,-9.964202679263298,-33.499596664943965,99967.78091694205
0.01,0.0,-0.01,,1,2024-02-16 23:00:00+00:00,2024-03-02 12:00:00+00:00,84,True,All checks passed,FTMO,-6.9914958736619,-6.991495873662643,100005.52713384846
-0.02,0.0,-0.02,,1,2024-03-05 11:00:00+00:00,2024-03-20 00:00:00+00:00,85,True,All checks passed,FTMO,-4.847722310624347,-4.982368552140542,100011.91304118467
0.0,0.0,-0.0,,1,2024-03-22 23:00:00+00:00,2024-04-06 12:00:00+00:00,86,True,All checks passed,FTMO,-5.408056259292217,-11.916487930429867,99999.89165599013
-0.03,0.0,-0.06,,1,2024-04-09 11:00:00+00:00,2024-04-24 00:00:00+00:00,87,True,All checks passed,FTMO,-6.721802429958656,-12.99620922729082,100002.10057354541
0.02,0.0,-0.01,,1,2024-04-26 23:00:00+00:00,2024-05-11 12:00:00+00:00,88,True,All checks passed,FTMO,-3.301759449344301,-11.272415331215598,99997.86536208069
-0.01,0.0,-0.01,,1,2024-05-14 11:00:00+00:00,2024-05-29 00:00:00+00:00,89,True,All checks passed,FTMO,-5.459844461016339,-9.174667363389744,99990.82533263661
0.0,0.0,-0.02,,1,2024-05-31 23:00:00+00:00,2024-06-15 12:00:00+00:00,90,True,All checks passed,FTMO,-7.264342831697485,-7.264342831695103,100010.34395234537
0.01,0.0,-0.02,,1,2024-06-18 11:00:00+00:00,2024-07-03 00:00:00+00:00,91,True,All checks passed,FTMO,-5.918601817358945,-5.918601817364106,100005.95495845634
-0.03,0.0,-0.04,,1,2024-07-05 23:00:00+00:00,2024-07-20 12:00:00+00:00,92,True,All checks passed,FTMO,-4.167509175141076,-13.815727211389458,99996.9162971946
-0.0,0.0,-0.04,,1,2024-07-23 11:00:00+00:00,2024-08-07 00:00:00+00:00,93,True,All checks passed,FTMO,-7.828275438237052,-12.918293220034684,100018.50391807282
0.0,0.0,-0.05,,1,2024-08-09 23:00:00+00:00,2024-08-24 12:00:00+00:00,94,True,All checks passed,FTMO,-5.343938810083058,-20.102058538337587,99997.51431485574
0.03,0.0,-0.01,,1,2024-08-27 11:00:00+00:00,2024-09-11 00:00:00+00:00,95,True,All checks passed,FTMO,-10.314358879821482,-24.608206087519648,99981.97286342716
0.02,0.0,-0.0,,1,2024-09-13 23:00:00+00:00,2024-09-28 12:00:00+00:00,96,True,All checks passed,FTMO,-2.0629474383737687,-2.8189721315866336,100015.61474232112
0.01,0.0,-0.01,,1,2024-10-01 11:00:00+00:00,2024-10-16 00:00:00+00:00,97,True,All checks passed,FTMO,-6.31118341701499,-23.267343312778394,99980.0278830063
0.02,0.0,-0.01,,1,2024-10-18 23:00:00+00:00,2024-11-02 12:00:00+00:00,98,True,All checks passed,FTMO,-4.636189818857385,-11.071326749632135,99998.44442994914
-0.05,0.0,-0.07,,1,2024-11-05 11:00:00+00:00,2024-11-20 00:00:00+00:00,99,True,All checks passed,FTMO,-8.326124751965077,-19.31408282823395,99990.83254316651
-0.01,0.0,-0.01,,1,2024-11-22 23:00:00+00:00,2024-12-07 12:00:00+00:00,100,True,All checks passed,FTMO,-3.1040395927846083,-9.205373086384498,99996.09997275
0.0,0.0,-0.03,,1,2024-12-10 11:00:00+00:00,2024-12-25 00:00:00+00:00,101,True,All checks passed,FTMO,-17.052181116331763,-18.796361670436454,99988.93226507994
